pl_name,hostname,pl_orbper,pl_rade,st_met,discoverymethod
"24 Sex b","24 Sex",452.80000000000,13.40000000,-0.0300,"Radial Velocity"
"CD-35 2722 B b","CD-35 2722 B",171.11000000000,13.90000000,0.2700,"Radial Velocity"
"CoRoT-10 b","CoRoT-10",13.24060000000,10.87000000,0.2600,"Transit"
"CoRoT-12 b","CoRoT-12",2.82804200000,16.14000000,0.1600,"Transit"
"CoRoT-13 b","CoRoT-13",4.03519000000,9.92000000,0.0100,"Transit"
"CoRoT-3 b","CoRoT-3",4.25680000000,11.32000000,0.1400,"Transit"
"DMPP-2 c","DMPP-2",3.16800000000,8.26000000,,"Radial Velocity"
"EPIC 201595106 b","EPIC 201595106",0.87724000000,1.56500000,0.0100,"Transit"
"GJ 3021 b","GJ 3021",133.71000000000,13.10000000,0.1000,"Radial Velocity"
"GJ 328 c","GJ 328",241.80000000000,4.91000000,-0.0600,"Radial Velocity"
"GJ 674 b","GJ 674",4.69380000000,3.33000000,-0.2800,"Radial Velocity"
"GJ 876 c","GJ 876",30.08810000000,14.00000000,0.2129,"Radial Velocity"
"HAT-P-2 b","HAT-P-2",5.63351580000,10.65975900,0.1800,"Transit"
"HAT-P-3 b","HAT-P-3",2.89970000000,10.53646000,0.2700,"Transit"
"HAT-P-67 b","HAT-P-67",4.81010690000,23.98721870,0.1400,"Transit"
"HAT-P-8 b","HAT-P-8",3.07634000000,15.69260000,0.0100,"Transit"
"HATS-43 b","HATS-43",4.38884970000,13.22662000,0.0500,"Transit"
"HATS-44 b","HATS-44",2.74390040000,11.96000300,0.3200,"Transit"
"HD 107148 b","HD 107148",48.05600000000,9.60000000,0.3140,"Radial Velocity"
"HD 109749 b","HD 109749",5.23989100000,11.10000000,0.2400,"Radial Velocity"
"HD 128717 b","HD 128717",3420.00000000000,12.10000000,0.1600,"Astrometry"
"HD 148164 c","HD 148164",5062.00000000000,12.80000000,0.2400,"Radial Velocity"
"HD 149143 b","HD 149143",4.07182000000,13.60000000,0.2900,"Radial Velocity"
"HD 1605 c","HD 1605",2149.00000000000,13.00000000,0.2200,"Radial Velocity"
"HD 16417 b","HD 16417",17.24000000000,5.00000000,0.0600,"Radial Velocity"
"HD 165155 b","HD 165155",434.50000000000,13.20000000,0.0900,"Radial Velocity"
"HD 177830 c","HD 177830",110.90000000000,7.87000000,0.5450,"Radial Velocity"
"HD 179949 b","HD 179949",3.09251400000,13.90000000,0.1370,"Radial Velocity"
"HD 184010 c","HD 184010",484.30000000000,11.80000000,-0.1700,"Radial Velocity"
"HD 188015 b","HD 188015",461.20000000000,13.60000000,0.2890,"Radial Velocity"
"HD 2039 b","HD 2039",1120.00000000000,12.70000000,0.3000,"Radial Velocity"
"HD 205739 b","HD 205739",279.80000000000,13.60000000,0.1900,"Radial Velocity"
"HD 207832 b","HD 207832",160.07000000000,14.20000000,0.1400,"Radial Velocity"
"HD 211810 b","HD 211810",1558.00000000000,14.00000000,0.1700,"Radial Velocity"
"HD 221287 b","HD 221287",456.10000000000,13.10000000,-0.0300,"Radial Velocity"
"HD 221416 b","HD 221416",14.27670000000,9.17000000,-0.0800,"Transit"
"HD 224693 b","HD 224693",26.69040000000,14.00000000,0.2700,"Radial Velocity"
"HD 22946 d","HD 22946",47.42489000000,2.60700000,-0.0800,"Transit"
"HD 231701 b","HD 231701",141.63000000000,13.70000000,0.0500,"Radial Velocity"
"HD 27442 b","HD 27442",428.10000000000,13.50000000,0.4200,"Radial Velocity"
"HD 285968 b","HD 285968",8.78360000000,2.83000000,-0.1000,"Radial Velocity"
"HD 29985 b","HD 29985",20608.14049000000,12.80000000,-0.2200,"Radial Velocity"
"HD 31527 c","HD 31527",51.20530000000,3.85000000,-0.1700,"Radial Velocity"
"HD 37605 c","HD 37605",2720.00000000000,13.10000000,0.2700,"Radial Velocity"
"HD 39091 b","HD 39091",2088.80000000000,12.30000000,0.0900,"Radial Velocity"
"HD 46375 b","HD 46375",3.02357300000,10.00000000,0.2400,"Radial Velocity"
"HD 47536 b","HD 47536",712.13000000000,12.60000000,-0.6500,"Radial Velocity"
"HD 50554 b","HD 50554",1240.00000000000,12.80000000,0.0200,"Radial Velocity"
"HD 55696 b","HD 55696",1827.00000000000,12.90000000,0.3700,"Radial Velocity"
"HD 69830 c","HD 69830",31.56000000000,3.46000000,-0.0500,"Radial Velocity"
"HD 73267 c","HD 73267",17071.78045000000,12.80000000,0.0300,"Radial Velocity"
"HD 80653 b","HD 80653",0.71957926000,1.62100000,0.2550,"Transit"
"HD 90156 b","HD 90156",49.77000000000,4.43000000,-0.2400,"Radial Velocity"
"HD 9446 b","HD 9446",30.05200000000,14.00000000,0.0900,"Radial Velocity"
"HIP 14810 b","HIP 14810",6.67389200000,13.00000000,0.2400,"Radial Velocity"
"HIP 14810 d","HIP 14810",981.80000000000,14.10000000,0.2400,"Radial Velocity"
"HIP 79431 b","HIP 79431",111.70000000000,13.40000000,0.4000,"Radial Velocity"
"K2-107 b","K2-107",3.31395900000,15.98000000,0.1400,"Transit"
"K2-123 b","K2-123",30.95152400000,2.76000000,0.0300,"Transit"
"K2-126 b","K2-126",7.38565500000,1.97000000,0.0200,"Transit"
"K2-127 b","K2-127",3.58816300000,8.37000000,-0.1100,"Transit"
"K2-136 c","K2-136",17.30723000000,3.00000000,-0.0200,"Transit"
"K2-140 b","K2-140",6.56918800000,13.56286665,0.1000,"Transit"
"K2-195 b","K2-195",15.85297500000,3.13000000,-0.1000,"Transit"
"K2-212 b","K2-212",9.79564700000,2.65000000,0.0300,"Transit"
"K2-229 c","K2-229",8.32727000000,2.03000000,-0.0900,"Transit"
"K2-269 b","K2-269",4.14496500000,1.57000000,-0.0800,"Transit"
"K2-365 b","K2-365",23.44817200000,2.90600000,-0.0210,"Transit"
"K2-43 b","K2-43",3.47114900000,4.51000000,,"Transit"
"K2-45 b","K2-45",1.72926840000,6.71000000,,"Transit"
"K2-80 c","K2-80",5.60500000000,1.47000000,0.0700,"Transit"
"K2-85 b","K2-85",0.68453862616,1.40000000,0.1400,"Transit"
"KOI-12 b","KOI-12",17.85518200000,13.78707000,0.0815,"Transit"
"KOI-217 b","KOI-217",3.90512000000,12.44200000,0.1200,"Transit"
"KOI-984 b","KOI-984",4.28817850000,4.30000000,0.1200,"Transit"
"Kepler-1028 b","Kepler-1028",2.51462432000,1.33000000,-0.0900,"Transit"
"Kepler-103 b","Kepler-103",15.96532870000,3.48570000,0.1500,"Transit"
"Kepler-1031 b","Kepler-1031",1.22621732000,0.87000000,0.0300,"Transit"
"Kepler-1042 b","Kepler-1042",10.13202575000,2.19000000,-0.1000,"Transit"
"Kepler-1058 b","Kepler-1058",110.96546000000,2.72000000,-0.0600,"Transit"
"Kepler-106 d","Kepler-106",23.98020000000,0.95000000,-0.1200,"Transit"
"Kepler-110 b","Kepler-110",12.69111200000,1.83000000,-0.1498,"Transit"
"Kepler-1101 b","Kepler-1101",81.31510590000,2.47000000,-0.0400,"Transit"
"Kepler-1105 b","Kepler-1105",4.42157218200,2.01000000,0.2800,"Transit"
"Kepler-1117 b","Kepler-1117",4.79028459000,1.11000000,0.0300,"Transit"
"Kepler-1124 b","Kepler-1124",2.85234897500,1.28000000,-0.5900,"Transit"
"Kepler-1126 b","Kepler-1126",108.59332900000,1.73000000,-0.2600,"Transit"
"Kepler-114 b","Kepler-114",5.18854900000,1.26000000,0.2291,"Transit"
"Kepler-1176 b","Kepler-1176",24.17385790000,2.45000000,-0.0100,"Transit"
"Kepler-1245 b","Kepler-1245",4.35409304000,1.44000000,-0.0100,"Transit"
"Kepler-1263 b","Kepler-1263",4.55139967000,1.14000000,-0.0300,"Transit"
"Kepler-1291 b","Kepler-1291",8.63043276000,1.66000000,-0.0400,"Transit"
"Kepler-1292 b","Kepler-1292",3.27646405000,1.82000000,0.0800,"Transit"
"Kepler-132 b","Kepler-132",6.17819600000,1.21000000,-0.2159,"Transit"
"Kepler-1365 b","Kepler-1365",7.69993485000,0.92000000,0.0300,"Transit"
"Kepler-1379 b","Kepler-1379",0.88184114600,1.30000000,-0.0400,"Transit"
"Kepler-1388 b","Kepler-1388",12.28546030000,2.59000000,0.0200,"Transit"
"Kepler-1399 b","Kepler-1399",1.63865305800,1.25000000,-0.0300,"Transit"
"Kepler-1416 b","Kepler-1416",1.49514952000,0.88000000,0.0300,"Transit"
"Kepler-1440 b","Kepler-1440",39.85948400000,1.26000000,0.0400,"Transit"
"Kepler-1489 b","Kepler-1489",82.29475100000,1.77000000,-0.1300,"Transit"
"Kepler-1503 b","Kepler-1503",96.16987000000,2.27000000,-0.1900,"Transit"
"Kepler-1542 c","Kepler-1542",2.89223021000,0.65000000,0.0600,"Transit"
"Kepler-1542 d","Kepler-1542",5.99273738000,0.87000000,0.0600,"Transit"
"Kepler-1573 b","Kepler-1573",2.61575540000,1.20000000,0.0200,"Transit"
"Kepler-1580 b","Kepler-1580",56.64492790000,2.11000000,0.1200,"Transit"
"Kepler-1581 b","Kepler-1581",6.28385491000,0.80000000,0.0700,"Transit"
"Kepler-160 b","Kepler-160",4.30939700000,1.71500000,0.2000,"Transit"
"Kepler-1601 b","Kepler-1601",2.20921951000,0.82000000,0.0500,"Transit"
"Kepler-1684 b","Kepler-1684",47.70550000000,2.87084792,0.1267,"Transit"
"Kepler-1697 b","Kepler-1697",33.49690000000,1.25954761,0.0341,"Transit"
"Kepler-1737 b","Kepler-1737",64.61750031000,5.39500000,0.3000,"Transit"
"Kepler-1753 b","Kepler-1753",16.00460052000,2.22678077,0.0000,"Transit"
"Kepler-1781 b","Kepler-1781",4.88752985000,2.38091029,0.4400,"Transit"
"Kepler-1789 b","Kepler-1789",80.23190308000,2.83137505,0.1200,"Transit"
"Kepler-1831 b","Kepler-1831",5.78387022000,1.97019818,0.0700,"Transit"
"Kepler-187 b","Kepler-187",4.93886400000,1.41000000,-0.0400,"Transit"
"Kepler-1882 b","Kepler-1882",13.78730011000,1.48674404,0.2600,"Transit"
"Kepler-1893 b","Kepler-1893",4.17936992600,1.70557445,0.1600,"Transit"
"Kepler-1894 b","Kepler-1894",2.76266002700,1.20117759,0.0000,"Transit"
"Kepler-1914 b","Kepler-1914",30.82789993000,2.94298030,-0.0400,"Transit"
"Kepler-1922 b","Kepler-1922",13.22259998000,2.29064904,-0.2800,"Transit"
"Kepler-1955 b","Kepler-1955",14.26519966000,1.16654878,0.1400,"Transit"
"Kepler-1964 b","Kepler-1964",2.44082999200,1.78105870,-0.0800,"Transit"
"Kepler-198 d","Kepler-198",1.31184443000,1.53000000,0.0400,"Transit"
"Kepler-203 c","Kepler-203",5.37064700000,2.47000000,0.0800,"Transit"
"Kepler-211 c","Kepler-211",6.04045000000,1.29000000,0.1510,"Transit"
"Kepler-218 c","Kepler-218",44.69957600000,3.14000000,0.3700,"Transit"
"Kepler-242 b","Kepler-242",8.20395000000,2.61000000,-0.0200,"Transit"
"Kepler-258 b","Kepler-258",13.19722000000,4.06000000,0.3031,"Transit"
"Kepler-304 c","Kepler-304",5.31594600000,2.17000000,0.0300,"Transit"
"Kepler-304 e","Kepler-304",1.49914695300,1.20000000,0.0500,"Transit"
"Kepler-322 c","Kepler-322",4.33723400000,1.67000000,0.1200,"Transit"
"Kepler-334 c","Kepler-334",12.75800500000,1.43000000,-0.0120,"Transit"
"Kepler-346 c","Kepler-346",23.85154900000,3.07000000,0.1000,"Transit"
"Kepler-368 c","Kepler-368",72.37933400000,3.88000000,0.0300,"Transit"
"Kepler-399 c","Kepler-399",26.67569000000,1.43000000,0.1400,"Transit"
"Kepler-4 b","Kepler-4",3.21346000000,4.00200000,0.1700,"Transit"
"Kepler-461 b","Kepler-461",8.31378305900,2.58000000,0.0400,"Transit"
"Kepler-464 b","Kepler-464",7.25696522400,3.30000000,0.1900,"Transit"
"Kepler-49 b","Kepler-49",7.20000000000,2.57900000,0.0300,"Transit"
"Kepler-546 b","Kepler-546",4.14702025800,7.00000000,0.1400,"Transit"
"Kepler-57 c","Kepler-57",11.60000000000,2.19600000,0.1166,"Transit"
"Kepler-576 b","Kepler-576",29.91136794000,3.27000000,0.0900,"Transit"
"Kepler-580 b","Kepler-580",8.22241965600,2.57000000,-0.0600,"Transit"
"Kepler-595 b","Kepler-595",25.30290920000,3.70800000,0.4060,"Transit"
"Kepler-595 c","Kepler-595",12.38602000000,1.00900000,0.4060,"Transit"
"Kepler-62 f","Kepler-62",267.29100000000,1.41000000,-0.3700,"Transit"
"Kepler-637 b","Kepler-637",23.20584623000,4.75000000,0.3800,"Transit"
"Kepler-65 c","Kepler-65",5.85994400000,2.58000000,0.1700,"Transit"
"Kepler-666 b","Kepler-666",4.49876092000,2.40000000,0.0100,"Transit"
"Kepler-674 b","Kepler-674",2.24338184700,1.69000000,-0.2700,"Transit"
"Kepler-682 b","Kepler-682",12.61190667200,7.37000000,-0.0500,"Transit"
"Kepler-723 b","Kepler-723",4.08227506800,12.19000000,0.0000,"Transit"
"Kepler-74 b","Kepler-74",7.34071100000,10.76000000,0.4200,"Transit"
"Kepler-768 b","Kepler-768",11.39100250000,1.79000000,-0.0300,"Transit"
"Kepler-770 b","Kepler-770",18.92540274000,2.30000000,-0.0100,"Transit"
"Kepler-783 b","Kepler-783",4.29264638000,0.78000000,0.0100,"Transit"
"Kepler-796 b","Kepler-796",6.40087618000,1.30000000,0.0900,"Transit"
"Kepler-802 b","Kepler-802",40.05874730000,3.54000000,0.0600,"Transit"
"Kepler-873 b","Kepler-873",20.55338440000,3.75000000,0.0700,"Transit"
"Kepler-9 d","Kepler-9",1.59285100000,1.64000000,0.1200,"Transit"
"Kepler-937 b","Kepler-937",67.66882700000,3.72000000,0.0800,"Transit"
"Kepler-939 b","Kepler-939",14.87829600000,1.75000000,-0.1200,"Transit"
"Kepler-948 b","Kepler-948",7.76846622000,1.85000000,-0.0200,"Transit"
"Kepler-949 b","Kepler-949",8.68930729600,2.91000000,0.0100,"Transit"
"LHS 1815 b","LHS 1815",3.81433400000,1.08800000,-0.1200,"Transit"
"Lupus-TR-3 b","Lupus-TR-3",3.91405000000,9.97600000,,"Transit"
"OGLE-TR-182 b","OGLE-TR-182",3.97910000000,12.66600000,0.3700,"Transit"
"OGLE-TR-211 b","OGLE-TR-211",3.67724000000,15.24400000,0.1100,"Transit"
"PSR B0329+54 b","PSR B0329+54",10140.00000000000,1.22000000,,"Pulsar Timing"
"PSR B1257+12 b","PSR B1257+12",25.26200000000,0.33800000,,"Pulsar Timing"
"PSR B1257+12 c","PSR B1257+12",66.54190000000,1.91000000,,"Pulsar Timing"
"Qatar-5 b","Qatar-5",2.87923190000,12.40836300,0.3770,"Transit"
"Qatar-8 b","Qatar-8",3.71495000000,14.40356500,0.0250,"Transit"
"TOI-1062 b","TOI-1062",4.11296000000,2.26500000,0.1400,"Transit"
"TOI-1203 e","TOI-1203",204.59000000000,7.31000000,-0.3900,"Radial Velocity"
"TOI-1249 b","TOI-1249",13.07915100000,3.27103010,0.2970,"Transit"
"TOI-1759 b","TOI-1759",18.85019000000,3.14000000,0.0500,"Transit"
"TOI-220 b","TOI-220",10.69526400000,3.03000000,-0.2170,"Transit"
"TOI-2285 b","TOI-2285",13.63510900000,1.77000000,-0.0500,"Transit"
"TOI-3278 b","TOI-3278",3.24645600000,13.89913607,0.0400,"Transit"
"TOI-4492 b","TOI-4492",4.43318240000,11.78063872,0.2190,"Transit"
"TOI-4898 b","TOI-4898",2.76520470167,3.71979540,,"Transit"
"TOI-5624 f","TOI-5624",45.37000000000,3.66000000,-0.0230,"Transit Timing Variations"
"TOI-5789 c","TOI-5789",12.92774800000,2.86000000,-0.1200,"Transit"
"TOI-907.01","TOI-907",4.58491290000,9.61588510,,"Transit"
"TrES-2 b","TrES-2",2.47063000000,15.24424000,-0.1500,"Transit"
"WASP-123 b","WASP-123",2.97764359000,15.13212395,0.1800,"Transit"
"WASP-130 b","WASP-130",11.55098000000,9.97601000,0.2600,"Transit"
"WASP-21 b","WASP-21",4.32248200000,11.99000000,-0.2200,"Transit"
"WASP-24 b","WASP-24",2.34121000000,15.46842000,0.0000,"Transit"
"WASP-31 b","WASP-31",3.40590960000,17.36300000,-0.2000,"Transit"
"WASP-32 b","WASP-32",2.71866000000,10.76064000,-0.1300,"Transit"
"WASP-37 b","WASP-37",3.57746900000,13.00200000,-0.4000,"Transit"
"WASP-61 b","WASP-61",3.85590000000,15.80469000,-0.1000,"Transit"
"Wolf 327 b","Wolf 327",0.57347450000,1.24000000,-0.1700,"Transit"
"pi Men d","HD 39091",124.64000000000,3.72000000,0.0900,"Radial Velocity"
"ups And b","ups And",4.61703300000,14.00000000,0.1014,"Radial Velocity"
"ups And d","ups And",1276.46000000000,12.50000000,0.1014,"Radial Velocity"
