time_day,storage_mm,outflow_mm_day,cumulative_outflow_mm,cumulative_recharge_mm,mass_balance_residual_mm,next_bin_recharge_mm_day
0.0,20.0,2.4,0.0,0.0,0.0,0.0
0.25,19.40891067097016,2.3290692805164195,0.5910893290298382,0.0,0.0,0.0
0.5,18.835290671684973,2.2602348806021966,1.164709328315027,0.0,0.0,0.0
0.75,18.27862370542456,2.1934348446509473,1.721376294575439,0.0,0.0,0.0
1.0,17.738408734343146,2.1286090481211772,2.261591265656854,0.0,0.0,11.892334439613457
1.25,20.143089522046793,2.4171707426456153,2.829994087856571,2.973083609903364,-1.7763568394002505e-15,0.0
1.5,19.547771258538063,2.3457325510245677,3.425312351365301,2.973083609903364,-1.7763568394002505e-15,0.0
1.75,18.970047308676165,2.2764056770411396,4.0030363012271994,2.973083609903364,-1.7763568394002505e-15,0.0
2.0,18.409397681908683,2.209127721829042,4.5636859279946815,2.973083609903364,-1.7763568394002505e-15,0.0
2.25,17.86531775572654,2.1438381306871848,5.107765854176824,2.973083609903364,-1.7763568394002505e-15,0.0
2.5,17.33731782146968,2.0804781385763613,5.635765788433686,2.973083609903364,-1.7763568394002505e-15,0.0
2.75,16.824922643556203,2.0189907172267443,6.148160966347161,2.973083609903364,-1.7763568394002505e-15,0.0
3.0,16.327671031738276,1.9593205238085931,6.645412578165088,2.973083609903364,-1.7763568394002505e-15,3.7567739201774337
3.25,16.770360832580803,2.0124432999096964,7.14191625736692,3.9122770899477226,-8.881784197001252e-16,0.0
3.5,16.27472176597488,1.9529666119169857,7.637555323972841,3.9122770899477226,-8.881784197001252e-16,0.0
3.75,15.793731047535012,1.8952477257042013,8.11854604241271,3.9122770899477226,-8.881784197001252e-16,0.0
4.0,15.326955753146754,1.8392346903776104,8.585321336800968,3.9122770899477226,-8.881784197001252e-16,0.0
4.25,14.873975753536879,1.7848770904244253,9.038301336410843,3.9122770899477226,-8.881784197001252e-16,0.0
4.5,14.43438333612867,1.7321260003354404,9.477893753819052,3.9122770899477226,-8.881784197001252e-16,0.0
4.75,14.007782838073082,1.6809339405687698,9.90449425187464,3.9122770899477226,-8.881784197001252e-16,0.0
5.0,13.593790290125467,1.631254834815056,10.318486799822255,3.9122770899477226,-8.881784197001252e-16,0.0
5.25,13.192033071047339,1.5830439685256805,10.720244018900383,3.9122770899477226,-8.881784197001252e-16,0.0
5.5,12.802149572222099,1.5362579486666519,11.110127517725623,3.9122770899477226,-8.881784197001252e-16,2.31080627252567
5.75,12.992910925993355,1.5591493111192025,11.497067732085783,4.48997865807914,-1.7763568394002505e-15,0.0
6.0,12.608912375923863,1.5130694851108635,11.881066282155276,4.48997865807914,-1.7763568394002505e-15,9.051936314538626
6.25,14.465638932528758,1.7358766719034509,12.287323804185037,6.752962736713797,8.881784197001252e-16,0.0
6.5,14.038114691997944,1.6845737630397533,12.714848044715852,6.752962736713797,8.881784197001252e-16,0.0
6.75,13.623225702291096,1.6347870842749315,13.1297370344227,6.752962736713797,8.881784197001252e-16,0.0
7.0,13.220598535311632,1.5864718242373959,13.532364201402164,6.752962736713797,8.881784197001252e-16,0.0
7.25,12.829870799431122,1.5395844959317346,13.923091937282674,6.752962736713797,8.881784197001252e-16,0.0
7.5,12.45069081331236,1.4940828975974831,14.302271923401436,6.752962736713797,8.881784197001252e-16,7.505438557055272
7.75,13.93121088969095,1.671745306762914,14.698111486286665,8.629322375977615,0.0,0.0
8.0,13.519481384822921,1.6223377661787504,15.109840991154694,8.629322375977615,0.0,0.0
8.25,13.119920325793604,1.5743904390952324,15.509402050184011,8.629322375977615,0.0,0.0
8.5,12.732168080678692,1.527860169681443,15.897154295298924,8.629322375977615,0.0,0.0
8.75,12.355875646283518,1.4827050775540223,16.273446729694097,8.629322375977615,0.0,0.0
9.0,11.990704334016627,1.438884520081995,16.63861804196099,8.629322375977615,0.0,0.0
9.25,11.636325465047175,1.3963590558056609,16.99299691093044,8.629322375977615,0.0,5.290178740729309
9.5,12.595323492099128,1.5114388190518953,17.35654356906081,9.951867061159943,-5.329070518200751e-15,0.0
9.75,12.223075426506197,1.4667690511807436,17.728791634653742,9.951867061159943,-5.329070518200751e-15,0.0
10.0,11.861828953879465,1.4234194744655357,18.090038107280474,9.951867061159943,-5.329070518200751e-15,0.0
10.25,11.5112589280087,1.381351071361044,18.440608133151237,9.951867061159943,-5.329070518200751e-15,0.0
10.5,11.171049812206432,1.3405259774647718,18.780817248953504,9.951867061159943,-5.329070518200751e-15,0.0
10.75,10.840895395303633,1.300907447436436,19.110971665856304,9.951867061159943,-5.329070518200751e-15,0.0
11.0,10.520498516039,1.2624598219246799,19.43136854512094,9.951867061159943,-5.329070518200751e-15,0.0
11.25,10.209570795593756,1.2251484954712506,19.742296265566182,9.951867061159943,-5.329070518200751e-15,0.0
11.5,9.90783237803125,1.1889398853637498,20.044034683128686,9.951867061159943,-5.329070518200751e-15,0.0
11.75,9.61501167840772,1.1538014014089264,20.336855382752216,9.951867061159943,-5.329070518200751e-15,3.0769305691909326
12.0,10.088653815666875,1.2106384578800249,20.632445887790794,10.721099703457677,-8.881784197001252e-15,2.856835239908298
12.25,10.494091045391945,1.2592909254470335,20.941217468042797,11.435308513434752,-1.0658141036401503e-14,0.0
12.5,10.183943783652008,1.2220732540382409,21.251364729782736,11.435308513434752,-7.105427357601002e-15,0.0
12.75,9.882962758754186,1.1859555310505023,21.55234575468056,11.435308513434752,-7.105427357601002e-15,0.0
13.0,9.590877067459243,1.150905248095109,21.844431445975502,11.435308513434752,-7.105427357601002e-15,0.0
13.25,9.307423812928636,1.1168908575514362,22.127884700506108,11.435308513434752,-7.105427357601002e-15,0.0
13.5,9.03234786809962,1.0838817441719544,22.402960645335124,11.435308513434752,-7.105427357601002e-15,0.0
13.75,8.765401646053666,1.05184819752644,22.66990686738108,11.435308513434752,-3.552713678800501e-15,0.0
14.0,8.506344877171522,1.0207613852605826,22.928963636263227,11.435308513434752,-3.552713678800501e-15,0.0
14.25,8.254944392874336,0.9905933271449202,23.180364120560412,11.435308513434752,-3.552713678800501e-15,0.0
14.5,8.0109739157562,0.9613168698907439,23.42433459767855,11.435308513434752,-3.552713678800501e-15,0.0
14.75,7.774213855919207,0.9329056627103048,23.66109465751554,11.435308513434752,-3.552713678800501e-15,0.0
15.0,7.54445111332772,0.9053341335993264,23.890857400107027,11.435308513434752,-3.552713678800501e-15,8.020641956730657
15.25,9.296860499584156,1.1156232599500986,24.143608503033256,13.440469002617416,-3.552713678800501e-15,0.0
15.5,9.022096747844996,1.0826516097413994,24.418372254772414,13.440469002617416,-3.552713678800501e-15,0.0
15.75,8.755453492188698,1.0506544190626437,24.685015510428713,13.440469002617416,-3.552713678800501e-15,9.189776047967776
16.0,10.760015134906102,1.2912018161887322,24.97789787970325,15.73791301460936,-1.2434497875801753e-14,0.0
16.25,10.442008628583975,1.253041035430077,25.295904386025377,15.73791301460936,-5.329070518200751e-15,0.0
16.5,10.133400634884302,1.216008076186116,25.60451237972505,15.73791301460936,-5.329070518200751e-15,0.0
16.75,9.833913385781088,1.1800696062937306,25.903999628828267,15.73791301460936,-5.329070518200751e-15,0.0
17.0,9.543277322534145,1.1451932787040973,26.19463569207521,15.73791301460936,-5.329070518200751e-15,0.0
17.25,9.261230853068026,1.111347702368163,26.476682161541326,15.73791301460936,-5.329070518200751e-15,0.0
17.5,8.987520116521505,1.0785024139825805,26.750392898087846,15.73791301460936,-1.2434497875801753e-14,0.0
17.75,8.721898754755662,1.0466278505706794,27.01601425985369,15.73791301460936,-5.329070518200751e-15,0.0
18.0,8.464127690614927,1.015695322873791,27.273785323994424,15.73791301460936,-1.2434497875801753e-14,0.0
18.25,8.213974912741504,0.9856769895289804,27.52393810186785,15.73791301460936,-5.329070518200751e-15,0.0
18.5,7.97121526674949,0.9565458320099388,27.766697747859862,15.73791301460936,-5.329070518200751e-15,0.0
18.75,7.735630252570723,0.9282756303084867,28.00228276203863,15.73791301460936,-5.329070518200751e-15,3.237980444134438
19.0,8.304481031179625,0.996537723741555,28.242927094463337,16.54740812564297,-1.0658141036401503e-14,0.0
19.25,8.059046525146577,0.9670855830175893,28.488361600496383,16.54740812564297,-1.0658141036401503e-14,0.0
19.5,7.820865704988121,0.9385038845985745,28.726542420654837,16.54740812564297,-1.0658141036401503e-14,0.0
19.75,7.589724191888426,0.9107669030266111,28.95768393375453,16.54740812564297,-1.0658141036401503e-14,0.0
20.0,7.365413942883184,0.8838496731459821,29.181994182759773,16.54740812564297,-1.0658141036401503e-14,0.0
20.25,7.147733063606893,0.8577279676328271,29.399675062036064,16.54740812564297,-1.0658141036401503e-14,0.0
20.5,6.936485626574304,0.8323782751889164,29.610922499068653,16.54740812564297,-1.0658141036401503e-14,0.0
20.75,6.731481494832458,0.8077777793798949,29.815926630810498,16.54740812564297,-1.0658141036401503e-14,0.0
21.0,6.532536150824594,0.7839043380989512,30.014871974818362,16.54740812564297,-1.0658141036401503e-14,0.0
21.25,6.339470530311891,0.7607364636374269,30.207937595331067,16.54740812564297,-1.0658141036401503e-14,0.0
21.5,6.152110861203567,0.738253303344428,30.395297264439392,16.54740812564297,-1.0658141036401503e-14,0.0
21.75,5.970288507150268,0.7164346208580321,30.57711961849269,16.54740812564297,-1.0658141036401503e-14,0.0
22.0,5.793839815759967,0.695260777891196,30.753568309882994,16.54740812564297,-1.0658141036401503e-14,0.0
22.25,5.622605971299771,0.6747127165559725,30.92480215434319,16.54740812564297,-1.0658141036401503e-14,0.0
22.5,5.4564328517510345,0.6547719422101241,31.090975273891928,16.54740812564297,-1.0658141036401503e-14,0.0
22.75,5.295170890089141,0.6354205068106968,31.25223723555382,16.54740812564297,-1.0658141036401503e-14,0.0
23.0,5.138674939663085,0.6166409927595702,31.408733185979877,16.54740812564297,-1.0658141036401503e-14,0.0
23.25,4.986804143553691,0.5984164972264429,31.56060398208927,16.54740812564297,-1.0658141036401503e-14,0.0
23.5,4.839421807792873,0.5807306169351447,31.707986317850086,16.54740812564297,-1.0658141036401503e-14,0.0
23.75,4.696395278329841,0.5635674333995809,31.851012847313118,16.54740812564297,-1.0658141036401503e-14,0.0
24.0,4.557595821633496,0.5469114985960195,31.98981230400946,16.54740812564297,-1.0658141036401503e-14,11.324498107466598
24.25,7.211977670466107,0.8654373204559328,32.16655498204351,19.37853265250962,-7.105427357601002e-15,0.0
24.5,6.9988315183554075,0.8398597822026489,32.3797011341542,19.37853265250962,-7.105427357601002e-15,0.0
24.75,6.791984787046529,0.8150381744455834,32.58654786546308,19.37853265250962,-7.105427357601002e-15,0.0
25.0,6.591251300518719,0.7909501560622463,32.78728135199089,19.37853265250962,-7.105427357601002e-15,0.0
25.25,6.3964503850841865,0.7675740462101024,32.982082267425426,19.37853265250962,-7.105427357601002e-15,0.0
25.5,6.207406706769584,0.7448888048123501,33.17112594574003,19.37853265250962,-7.105427357601002e-15,0.0
25.75,6.023950113503597,0.7228740136204316,33.35458253900602,19.37853265250962,-7.105427357601002e-15,0.0
26.0,5.845915481968595,0.7015098578362313,33.532617170541016,19.37853265250962,-7.105427357601002e-15,0.0
26.25,5.673142568978497,0.6807771082774196,33.705390083531114,19.37853265250962,-7.105427357601002e-15,0.0
26.5,5.505475867249092,0.660657104069891,33.873056785260516,19.37853265250962,-1.4210854715202004e-14,0.0
26.75,5.342764465430981,0.6411317358517177,34.03576818707863,19.37853265250962,-7.105427357601002e-15,0.0
27.0,5.184861912279178,0.6221834294735014,34.19367074023043,19.37853265250962,-1.4210854715202004e-14,0.0
27.25,5.0316260848371055,0.6037951301804526,34.346906567672505,19.37853265250962,-7.105427357601002e-15,0.0
27.5,4.882919060516336,0.5859502872619603,34.495613591993276,19.37853265250962,-7.105427357601002e-15,0.0
27.75,4.738606992956956,0.5686328391548346,34.63992565955266,19.37853265250962,-7.105427357601002e-15,0.0
28.0,4.5985599915568045,0.5518271989868165,34.77997266095281,19.37853265250962,-7.105427357601002e-15,0.0
28.25,4.462652004561166,0.5355182405473399,34.91588064794845,19.37853265250962,-7.105427357601002e-15,0.0
28.5,4.3307607056076804,0.5196912846729216,35.04777194690193,19.37853265250962,-7.105427357601002e-15,0.0
28.75,4.2027673836243595,0.5043320860349231,35.17576526888525,19.37853265250962,-7.105427357601002e-15,0.0
29.0,4.078556835981609,0.48942682031779305,35.299975816528004,19.37853265250962,-7.105427357601002e-15,0.0
29.25,3.9580172648020877,0.4749620717762505,35.420515387707525,19.37853265250962,-7.105427357601002e-15,0.0
29.5,3.841040176335069,0.4609248211602082,35.53749247617454,19.37853265250962,-7.105427357601002e-15,0.0
29.75,3.7275202833047416,0.447302433996569,35.65101236920487,19.37853265250962,-7.105427357601002e-15,0.0
30.0,3.6173554101445564,0.43408264921734674,35.76117724236506,19.37853265250962,-7.105427357601002e-15,0.0
30.25,3.5104464010323166,0.421253568123878,35.868086251477294,19.37853265250962,-7.105427357601002e-15,0.0
30.5,3.406697030643247,0.40880364367718963,35.97183562186636,19.37853265250962,-1.4210854715202004e-14,0.0
30.75,3.3060139175407044,0.3967216701048845,36.0725187349689,19.37853265250962,-1.4210854715202004e-14,0.0
31.0,3.2083064401265826,0.3849967728151899,36.17022621238302,19.37853265250962,-1.4210854715202004e-14,0.0
31.25,3.1134866550757563,0.37361839860909074,36.265045997433845,19.37853265250962,-2.1316282072803006e-14,0.0
31.5,3.0214692181811524,0.3625763061817383,36.357063434328445,19.37853265250962,-2.1316282072803006e-14,0.0
31.75,2.9321713075382023,0.3518605569045843,36.44636134497139,19.37853265250962,-2.1316282072803006e-14,3.4021972392182303
32.0,3.683430250398149,0.4420116300477778,36.545651711916,20.229081962314176,-2.842170943040401e-14,0.0
32.25,3.5745684346363467,0.4289482121563616,36.65451352767781,20.229081962314176,-2.1316282072803006e-14,0.0
32.5,3.468923971756325,0.41627087661075896,36.76015799055783,20.229081962314176,-2.1316282072803006e-14,0.0
32.75,3.366401774610277,0.4039682129532332,36.86268018770388,20.229081962314176,-2.1316282072803006e-14,0.0
33.0,3.266909566300315,0.3920291479560378,36.96217239601384,20.229081962314176,-2.1316282072803006e-14,0.0
33.25,3.170357797123035,0.38044293565476417,37.05872416519112,20.229081962314176,-2.1316282072803006e-14,0.0
33.5,3.0766595639687364,0.36919914767624834,37.15242239834542,20.229081962314176,-1.4210854715202004e-14,0.0
33.75,2.9857305321027607,0.3582876638523313,37.2433514302114,20.229081962314176,-1.4210854715202004e-14,0.0
34.0,2.8974888592585346,0.34769866311102415,37.331593103055624,20.229081962314176,-1.4210854715202004e-14,9.42787080965507
34.25,5.133819218248591,0.6160583061898308,37.452230446479334,22.586049664727945,-2.1316282072803006e-14,0.0
34.5,4.982091930394839,0.5978510316473806,37.603957734333086,22.586049664727945,-2.1316282072803006e-14,10.543051709468855
34.75,7.431467761945079,0.8917761314334095,37.79034483015006,25.22181259209516,-1.7763568394002505e-14,0.0
35.0,7.21183469728933,0.8654201636747195,38.009977894805814,25.22181259209516,-1.0658141036401503e-14,0.0
35.25,6.998692770674587,0.8398431324809504,38.22311982142055,25.22181259209516,-1.7763568394002505e-14,0.0
35.5,6.7918501399793865,0.8150220167975264,38.42996245211575,25.22181259209516,-1.7763568394002505e-14,0.0
35.75,6.591120632873806,0.7909344759448567,38.63069195922133,25.22181259209516,-2.4868995751603507e-14,0.0
36.0,6.396323579251801,0.767558829510216,38.825489012843335,25.22181259209516,-2.4868995751603507e-14,0.0
36.25,6.207283648615918,0.7448740378339102,39.01452894347922,25.22181259209516,-1.7763568394002505e-14,0.0
36.5,6.023830692268005,0.7228596830721605,39.197981899827134,25.22181259209516,-1.7763568394002505e-14,0.0
36.75,5.845799590163903,0.7014959508196683,39.376013001931234,25.22181259209516,-2.4868995751603507e-14,0.0
37.0,5.673030102294259,0.680763612275311,39.54878248980088,25.22181259209516,-2.4868995751603507e-14,0.0
37.25,5.5053667244577005,0.660644006934924,39.71644586763744,25.22181259209516,-1.7763568394002505e-14,0.0
37.5,5.342658548296556,0.6411190257955867,39.879154043798586,25.22181259209516,-1.7763568394002505e-14,0.0
37.75,5.184759125469149,0.6221710950562979,40.03705346662599,25.22181259209516,-1.7763568394002505e-14,0.0
38.0,5.031526335836405,0.6037831603003686,40.19028625625874,25.22181259209516,-1.7763568394002505e-14,0.0
38.25,4.88282225954413,0.5859386711452956,40.33899033255101,25.22181259209516,-1.7763568394002505e-14,0.0
38.5,4.7385130528858355,0.5686215663463002,40.483299539209305,25.22181259209516,-1.7763568394002505e-14,0.0
38.75,4.598468827834365,0.5518162593401238,40.623343764260774,25.22181259209516,-1.7763568394002505e-14,11.568286037558927
39.0,7.311684548453044,0.8774021458143653,40.802199553031826,28.113884101484892,-2.1316282072803006e-14,0.0
39.25,7.095591612761898,0.8514709935314277,41.01829248872297,28.113884101484892,-2.1316282072803006e-14,3.349340691733504
39.5,7.710784997726159,0.925294199727139,41.240434276692085,28.951219274418268,-2.4868995751603507e-14,0.0
39.75,7.482896861196195,0.8979476233435433,41.46832241322205,28.951219274418268,-2.4868995751603507e-14,0.0
40.0,7.261743836951998,0.8714092604342398,41.68947543746624,28.951219274418268,-2.4868995751603507e-14,0.0
40.25,7.047126872343473,0.8456552246812167,41.90409240207477,28.951219274418268,-3.197442310920451e-14,0.0
40.5,6.838852797615391,0.8206623357138468,42.11236647680285,28.951219274418268,-3.197442310920451e-14,0.0
40.75,6.6367341520415755,0.796408098244989,42.31448512237667,28.951219274418268,-2.4868995751603507e-14,0.0
41.0,6.440589015197593,0.7728706818237111,42.51063025922065,28.951219274418268,-2.4868995751603507e-14,0.0
41.25,6.250240843220088,0.7500289011864105,42.70097843119815,28.951219274418268,-2.4868995751603507e-14,0.0
41.5,6.065518309905396,0.7278621971886475,42.88570096451284,28.951219274418268,-3.197442310920451e-14,0.0
41.75,5.886255152504388,0.7063506183005266,43.06496412191385,28.951219274418268,-2.4868995751603507e-14,0.0
42.0,5.712290022074776,0.6854748026489731,43.23892925234347,28.951219274418268,-2.4868995751603507e-14,0.0
42.25,5.5434663382561755,0.6652159605907411,43.40775293616207,28.951219274418268,-2.4868995751603507e-14,0.0
42.5,5.379632148337209,0.6455558578004651,43.571587126081035,28.951219274418268,-2.4868995751603507e-14,0.0
42.75,5.22063999048781,0.6264767988585372,43.73057928393043,28.951219274418268,-2.4868995751603507e-14,0.0
43.0,5.066346761033621,0.6079616113240345,43.88487251338462,28.951219274418268,-2.4868995751603507e-14,0.0
43.25,4.916613585653029,0.5899936302783635,44.03460568876521,28.951219274418268,-2.4868995751603507e-14,0.0
43.5,4.771305694380898,0.5725566833257076,44.17991358003734,28.951219274418268,-2.4868995751603507e-14,0.0
43.75,4.630292300306506,0.5556350760367806,44.320926974111735,28.951219274418268,-2.4868995751603507e-14,11.463845898054847
44.0,7.31684522351595,0.8780214268219139,44.500335525416006,31.81718074893198,-2.4868995751603507e-14,0.0
44.25,7.1005997668267895,0.8520719720192147,44.716580982105164,31.81718074893198,-2.4868995751603507e-14,0.0
44.5,6.890745329232637,0.8268894395079164,44.92643541969932,31.81718074893198,-2.4868995751603507e-14,0.0
44.75,6.687093027574057,0.8024511633088868,45.130087721357896,31.81718074893198,-2.4868995751603507e-14,0.0
45.0,6.489459561032614,0.7787351473239137,45.327721187899336,31.81718074893198,-3.197442310920451e-14,0.0
45.25,6.297667046147763,0.7557200455377315,45.51951370278419,31.81718074893198,-2.4868995751603507e-14,0.0
45.5,6.111542856709723,0.7333851428051668,45.70563789222223,31.81718074893198,-2.4868995751603507e-14,0.0
45.75,5.930919468384241,0.7117103362061089,45.88626128054771,31.81718074893198,-3.197442310920451e-14,0.0
46.0,5.7556343079293795,0.6906761169515255,46.06154644100257,31.81718074893198,-3.197442310920451e-14,0.0
46.25,5.585529606868625,0.670263552824235,46.23165114206333,31.81718074893198,-2.4868995751603507e-14,0.0
46.5,5.420452259488612,0.6504542711386334,46.39672848944334,31.81718074893198,-2.4868995751603507e-14,0.0
46.75,5.260253685033643,0.6312304422040371,46.55692706389831,31.81718074893198,-3.197442310920451e-14,0.0
47.0,5.10478969397298,0.6125747632767575,46.71239105495897,31.81718074893198,-2.4868995751603507e-14,0.0
47.25,4.953920358220534,0.5944704429864641,46.86326039071142,31.81718074893198,-2.4868995751603507e-14,0.0
47.5,4.807509885190143,0.5769011862228172,47.00967086374181,31.81718074893198,-2.4868995751603507e-14,0.0
47.75,4.665426495573075,0.559851179468769,47.15175425335888,31.81718074893198,-2.4868995751603507e-14,0.0
48.0,4.52754230472776,0.5433050765673312,47.28963844420419,31.81718074893198,-2.4868995751603507e-14,0.0
48.25,4.393733207574973,0.5272479849089968,47.42344754135698,31.81718074893198,-2.4868995751603507e-14,0.0
48.5,4.263878766894893,0.5116654520273872,47.553301982037055,31.81718074893198,-3.197442310920451e-14,0.0
48.75,4.13786210492547,0.4965434525910564,47.67931864400648,31.81718074893198,-3.197442310920451e-14,0.0
49.0,4.015569798164551,0.48186837577974606,47.8016109507674,31.81718074893198,-3.197442310920451e-14,0.0
49.25,3.8968917752810723,0.46762701303372867,47.92028897365088,31.81718074893198,-3.197442310920451e-14,0.0
49.5,3.781721218043433,0.453806546165212,48.03545953088852,31.81718074893198,-3.197442310920451e-14,0.0
49.75,3.6699544651758735,0.4403945358211048,48.147226283756076,31.81718074893198,-3.197442310920451e-14,0.0
50.0,3.5614909190563306,0.4273789102867597,48.25568982987562,31.81718074893198,-2.4868995751603507e-14,0.0
50.25,3.4562329551717874,0.4147479546206145,48.36094779376016,31.81718074893198,-3.197442310920451e-14,0.0
50.5,3.3540858342496223,0.4024903001099547,48.46309491468233,31.81718074893198,-2.4868995751603507e-14,0.0
50.75,3.254957616985868,0.3905949140383041,48.562223131946084,31.81718074893198,-2.4868995751603507e-14,0.0
51.0,3.1587590812936313,0.3790510897552357,48.65842166763832,31.81718074893198,-2.4868995751603507e-14,0.0
51.25,3.0654036419971935,0.3678484370396632,48.75177710693476,31.81718074893198,-2.4868995751603507e-14,0.0
51.5,2.9748072728995067,0.3569768727479408,48.84237347603245,31.81718074893198,-2.4868995751603507e-14,0.0
51.75,2.8868884311529444,0.3464266117383533,48.93029231777901,31.81718074893198,-1.7763568394002505e-14,0.0
52.0,2.8015679838652345,0.3361881580638281,49.01561276506672,31.81718074893198,-2.4868995751603507e-14,0.0
52.25,2.7187691368745157,0.32625229642494186,49.09841161205744,31.81718074893198,-2.4868995751603507e-14,4.5318803919531625
52.5,3.754561590680685,0.45054739088168216,49.195589256239565,32.950150846920266,-1.4210854715202004e-14,0.0
52.75,3.643597526108853,0.43723170313306237,49.306553320811396,32.950150846920266,-1.4210854715202004e-14,0.0
53.0,3.5359129452607303,0.4243095534312876,49.41423790165952,32.950150846920266,-1.4210854715202004e-14,0.0
53.25,3.4314109247446263,0.41176931096935515,49.51873992217562,32.950150846920266,-2.1316282072803006e-14,0.0
53.5,3.3299974056879784,0.3995996886825574,49.62015344123227,32.950150846920266,-2.1316282072803006e-14,0.0
53.75,3.231581109078018,0.38778973308936215,49.71856973784223,32.950150846920266,-1.4210854715202004e-14,0.0
54.0,3.1360734536044967,0.37632881443253957,49.81407739331575,32.950150846920266,-2.1316282072803006e-14,9.77558707897083
54.25,5.450990645672867,0.654118877480744,49.943056970990085,35.394047616662974,-2.1316282072803006e-14,0.0
54.5,5.289889525507933,0.634786743060952,50.10415809115502,35.394047616662974,-2.1316282072803006e-14,0.0
54.75,5.13354966299421,0.6160259595593052,50.26049795366875,35.394047616662974,-1.4210854715202004e-14,0.0
55.0,4.981830341702181,0.5978196410042617,50.412217274960774,35.394047616662974,-2.1316282072803006e-14,7.46926340384316
55.25,6.67417912638664,0.8009014951663969,50.587184341237105,37.26136346762377,-2.1316282072803006e-14,0.0
55.5,6.476927323304599,0.7772312787965518,50.784436144319145,37.26136346762377,-2.1316282072803006e-14,0.0
55.75,6.285505192019242,0.754260623042309,50.9758582756045,37.26136346762377,-2.1316282072803006e-14,0.0
56.0,6.099740439691032,0.7319688527629238,51.16162302793271,37.26136346762377,-2.1316282072803006e-14,0.0
56.25,5.919465865503375,0.710335903860405,51.34189760212037,37.26136346762377,-2.1316282072803006e-14,0.0
56.5,5.744519210170605,0.6893423052204726,51.51684425745314,37.26136346762377,-2.842170943040401e-14,0.0
56.75,5.574743009893667,0.66896916118724,51.68662045773007,37.26136346762377,-2.842170943040401e-14,0.0
57.0,5.409984454632076,0.6491981345558491,51.851379012991664,37.26136346762377,-2.842170943040401e-14,0.0
57.25,5.250095250564559,0.6300114300677471,52.01126821705918,37.26136346762377,-2.842170943040401e-14,0.0
57.5,5.0949314866146125,0.6113917783937535,52.166431981009126,37.26136346762377,-2.842170943040401e-14,0.0
57.75,4.944353504920811,0.5933224205904973,52.317009962702926,37.26136346762377,-2.842170943040401e-14,0.0
58.0,4.798225775135313,0.5757870930162375,52.463137692488424,37.26136346762377,-2.842170943040401e-14,0.0
58.25,4.656416772437392,0.558770012692487,52.60494669518634,37.26136346762377,-2.842170943040401e-14,5.325570711465841
58.5,5.830418866877768,0.6996502640253321,52.76233727861243,38.59275614549023,-2.842170943040401e-14,0.0
58.75,5.658103948078484,0.678972473769418,52.93465219741171,38.59275614549023,-3.552713678800501e-14,0.0
59.0,5.490881704765945,0.6589058045719134,53.101874440724245,38.59275614549023,-3.552713678800501e-14,0.0
59.25,5.32860162563333,0.6394321950759996,53.26415451985686,38.59275614549023,-3.552713678800501e-14,0.0
59.5,5.171117647655185,0.6205341177186222,53.421638497835005,38.59275614549023,-3.552713678800501e-14,0.0
59.75,5.018288024620842,0.602194562954501,53.57446812086935,38.59275614549023,-3.552713678800501e-14,0.0
60.0,4.869975199553262,0.5843970239463915,53.722780945936925,38.59275614549023,-4.263256414560601e-14,nan
