x_B,T_A_K,T_B_K,liquidus_K
0.0001,62.996333352053405,7.932398073833767,62.996333352053405
0.0017691151919866444,62.935141635529575,10.876707873429234,62.935141635529575
0.0034382303839732885,62.87396657663314,11.898097230521174,62.87396657663314
0.0051073455759599335,62.81280808293721,12.602913282029817,62.81280808293721
0.006776460767946578,62.75166606182411,13.159975097864018,62.75166606182411
0.008445575959933222,62.69054042048372,13.629058771456583,62.69054042048372
0.010114691151919866,62.62943106591184,14.0389256736469,62.62943106591184
0.01178380634390651,62.56833790490846,14.405830525724959,62.56833790490846
0.013452921535893154,62.507260844076214,14.739939273635255,62.507260844076214
0.015122036727879798,62.44619978981858,15.048072170172299,62.44619978981858
0.016791151919866444,62.38515464833822,15.335047600206623,62.38515464833822
0.018460267111853088,62.32412532563525,15.604407615356427,62.32412532563525
0.020129382303839732,62.263111727505574,15.858839393474328,62.263111727505574
0.021798497495826376,62.20211375953904,16.100434494320957,62.20211375953904
0.02346761268781302,62.141131327117805,16.330855868235474,62.141131327117805
0.025136727879799665,62.0801643354145,16.55144960892035,62.0801643354145
0.02680584307178631,62.019212689390464,16.763322154926144,62.019212689390464
0.028474958263772953,61.95827629379396,16.96739508991442,61.95827629379396
0.030144073455759597,61.89735505315837,17.164444962781324,61.89735505315837
0.031813188647746245,61.8364488718004,17.355132818551464,61.8364488718004
0.03348230383973289,61.7755576538182,17.540026494796678,61.7755576538182
0.03515141903171953,61.71468130308955,17.719617725438578,61.71468130308955
0.03682053422370618,61.65381972327002,17.89433544858991,61.65381972327002
0.03848964941569282,61.59297281779104,18.064556293581607,61.59297281779104
0.04015876460767947,61.53214048985807,18.23061294067206,61.53214048985807
0.04182787979966611,61.47132264244869,18.392800854886485,61.47132264244869
0.04349699499165276,61.41051917831062,18.55138376206459,61.41051917831062
0.0451661101836394,61.34972999995989,18.70659814102371,61.34972999995989
0.046835225375626045,61.2889550096788,18.85865693823697,61.2889550096788
0.048504340567612686,61.22819410951404,19.007752662355497,61.22819410951404
0.050173455759599334,61.16744720127463,19.15405997977814,61.16744720127463
0.051842570951585974,61.10671418653,19.297737905560467,61.10671418653
0.05351168614357262,61.045994966607964,19.438931663688926,61.045994966607964
0.05518080133555927,60.985289442592666,19.577774275328423,60.985289442592666
0.05684991652754591,60.924597515322574,19.714387921812484,60.924597515322574
0.05851903171953256,60.863919085388424,19.848885119973023,60.863919085388424
0.0601881469115192,60.803254053131134,19.981369740242815,60.803254053131134
0.061857262103505846,60.74260231863973,20.111937892324725,60.74260231863973
0.06352637729549249,60.68196378174923,20.24067869875084,60.68196378174923
0.06519549248747913,60.62133834203852,20.367674973086025,60.62133834203852
0.06686460767946578,60.560725898828274,20.49300381666296,60.560725898828274
0.06853372287145242,60.50012635117871,20.616737145418558,60.50012635117871
0.07020283806343906,60.439539597887496,20.73894215651755,60.439539597887496
0.07187195325542571,60.37896553748749,20.85968174290927,60.37896553748749
0.07354106844741236,60.31840406824462,20.979014862698705,60.31840406824462
0.07521018363939899,60.257855088155594,21.096996869168148,60.257855088155594
0.07687929883138564,60.19731849494569,21.21367980641993,60.19731849494569
0.07854841402337229,60.13679418606647,21.329112674888403,60.13679418606647
0.08021752921535893,60.076282058693515,21.443341670365875,60.076282058693515
0.08188664440734558,60.015782009724184,21.556410399679688,60.015782009724184
0.08355575959933222,59.95529393577518,21.668360075729776,59.95529393577518
0.08522487479131886,59.89481773318034,21.77922969423409,59.89481773318034
0.08689398998330551,59.8343532979882,21.8890561942215,59.8343532979882
0.08856310517529216,59.773900525959654,21.99787460404976,59.773900525959654
0.09023222036727879,59.71345931256556,22.105718174501806,59.71345931256556
0.09190133555926544,59.65302955298434,22.212618500321504,59.65302955298434
0.09357045075125209,59.59261114209953,22.318605631384433,59.59261114209953
0.09523956594323874,59.532203974497335,22.423708174556605,59.532203974497335
0.09690868113522537,59.47180794446417,22.527953387170463,59.47180794446417
0.09857779632721202,59.411422945984135,22.63136726294049,59.411422945984135
0.10024691151919866,59.35104887273658,22.733974611047312,59.35104887273658
0.10191602671118531,59.29068561809347,22.835799129038307,59.29068561809347
0.10358514190317195,59.23033307511689,22.936863470121292,59.23033307511689
0.1052542570951586,59.169991136556455,23.03718930536603,59.169991136556455
0.10692337228714524,59.109659694846755,23.13679738127336,59.109659694846755
0.10859248747913189,59.049338642104644,23.235707573123914,59.049338642104644
0.11026160267111854,58.9890278701267,23.333938934475825,58.9890278701267
0.11193071786310517,58.92872727038646,23.431509743143614,58.92872727038646
0.11359983305509182,58.868436734031846,23.528437543956986,58.868436734031846
0.11526894824707846,58.808156151882365,23.6247391885691,58.808156151882365
0.11693806343906511,58.74788541442642,23.720430872557763,58.74788541442642
0.11860717863105175,58.687624411818526,23.815528170039443,58.687624411818526
0.1202762938230384,58.62737303387657,23.91004606599573,58.62737303387657
0.12194540901502504,58.56713117007899,24.003998986492856,58.56713117007899
0.12361452420701169,58.506898709561945,24.097400826958687,58.506898709561945
0.1252836393989983,58.44667554111645,24.19026497866656,58.44667554111645
0.12695275459098496,58.386461553185526,24.282604353562036,58.386461553185526
0.1286218697829716,58.32625663386128,24.374431407556706,58.32625663386128
0.13029098497495825,58.266060670882034,24.465758162402327,58.266060670882034
0.1319601001669449,58.205873551629246,24.556596226248992,58.205873551629246
0.13362921535893155,58.14569516312471,24.646956812982015,58.14569516312471
0.1352983305509182,58.08552539202737,24.736850760424534,58.08552539202737
0.13696744574290481,58.02536412463045,24.826288547485515,58.02536412463045
0.13863656093489146,57.96521124685828,24.915280310326384,57.96521124685828
0.1403056761268781,57.905066644263286,25.00383585761353,57.905066644263286
0.14197479131886476,57.844930202022844,25.091964684918754,57.844930202022844
0.1436439065108514,57.78480180493617,25.17967598832459,57.78480180493617
0.14531302170283805,57.72468133742114,25.266978677287216,57.72468133742114
0.1469821368948247,57.66456868351106,25.353881386805558,57.66456868351106
0.14865125208681135,57.60446372685151,25.44039248894131,57.60446372685151
0.15032036727879797,57.54436635069708,25.52652010373167,57.54436635069708
0.15198948247078461,57.48427643790804,25.612272109532892,57.48427643790804
0.15365859766277126,57.424193870947086,25.69765615283049,57.424193870947086
0.1553277128547579,57.36411853187597,25.782679657549004,57.36411853187597
0.15699682804674456,57.30405030235217,25.86734983389197,57.30405030235217
0.1586659432387312,57.24398906362543,25.95167368674056,57.24398906362543
0.16033505843071785,57.18393469653438,26.03565802363733,57.18393469653438
0.1620041736227045,57.12388708150306,26.119309462379675,57.12388708150306
0.16367328881469115,57.06384609853745,26.20263443824596,57.06384609853745
0.16534240400667777,57.003811627221864,26.285639210875512,57.003811627221864
0.16701151919866442,56.94378354671553,26.368329870822603,56.94378354671553
0.16868063439065106,56.88376173574885,26.450712345802735,56.88376173574885
0.1703497495826377,56.82374607261992,26.53279240664883,56.82374607261992
0.17201886477462436,56.763736435190765,26.61457567299325,56.763736435190765
0.173687979966611,56.7037327008837,26.696067618691053,56.7037327008837
0.17535709515859765,56.64373474667762,26.777273576998454,56.64373474667762
0.1770262103505843,56.5837424491042,26.858198745519886,56.5837424491042
0.17869532554257092,56.52375568424415,26.938848190936017,56.52375568424415
0.18036444073455757,56.46377432772334,27.019226853524426,56.46377432772334
0.18203355592654422,56.40379825470897,27.099339551483876,56.40379825470897
0.18370267111853086,56.34382733990568,27.17919098507235,56.34382733990568
0.1853717863105175,56.28386145755156,27.2587857405686,56.28386145755156
0.18704090150250416,56.22390048141426,27.338128294066223,56.22390048141426
0.1887100166944908,56.16394428478688,27.417223015108743,56.16394428478688
0.19037913188647745,56.10399274048402,27.496074170173763,56.10399274048402
0.1920482470784641,56.04404572083762,27.574685926013657,56.04404572083762
0.19371736227045072,55.984103097692895,27.653062352860008,55.984103097692895
0.19538647746243737,55.9241647424041,27.731207427498376,55.9241647424041
0.19705559265442402,55.86423052583041,27.80912503621972,55.86423052583041
0.19872470784641066,55.804300318331585,27.886818977654528,55.804300318331585
0.2003938230383973,55.74437398976378,27.96429296549513,55.74437398976378
0.20206293823038396,55.68445140947513,28.041550631111576,55.68445140947513
0.2037320534223706,55.624532446301465,28.118595526066052,55.624532446301465
0.20540116861435725,55.564616968561815,28.195431124530664,55.564616968561815
0.20707028380634387,55.504704844054054,28.27206082561284,55.504704844054054
0.20873939899833052,55.444795940050305,28.348487955592926,55.444795940050305
0.21040851419031717,55.3848901232925,28.424715770077594,55.3848901232925
0.21207762938230382,55.3249872599877,28.5007474560732,55.3249872599877
0.21374674457429046,55.26508721580354,28.576586133982477,55.26508721580354
0.2154158597662771,55.20518985586352,28.652234859528043,55.20518985586352
0.21708497495826376,55.145295044742326,28.72769662560595,55.145295044742326
0.2187540901502504,55.085402646461,28.80297436407232,55.085402646461
0.22042320534223706,55.02551252448218,28.878070947466014,55.02551252448218
0.22209232053422368,54.965624541705225,28.95298919067005,54.965624541705225
0.22376143572621032,54.905738560461316,29.02773185251441,54.905738560461316
0.22543055091819697,54.84585444250845,29.102301637322725,54.84585444250845
0.22709966611018362,54.78597204902654,29.17670119640522,54.78597204902654
0.22876878130217027,54.726091240612256,29.250933129500137,54.726091240612256
0.2304378964941569,54.666211877273945,29.324999986165796,54.666211877273945
0.23210701168614356,54.60633381842653,29.398904267125346,54.60633381842653
0.2337761268781302,54.54645692288622,29.472648425566106,54.54645692288622
0.23544524207011683,54.4865810488653,29.546234868395356,54.4865810488653
0.23711435726210348,54.42670605396682,29.619665957454387,54.42670605396682
0.23878347245409012,54.36683179517919,29.692944010692386,54.36683179517919
0.24045258764607677,54.30695812887078,29.76607130330183,54.30695812887078
0.24212170283806342,54.24708491078445,29.83905006881691,54.24708491078445
0.24379081803005007,54.187211996032005,29.91188250017637,54.187211996032005
0.2454599332220367,54.12733923908862,29.98457075075225,54.12733923908862
0.24712904841402336,54.067466493787144,30.057116935345725,54.067466493787144
0.24879816360601,54.00759361331248,30.129523131151483,54.00759361331248
0.25046727879799663,53.947720450195746,30.20179137869161,53.947720450195746
0.2521363939899833,53.887846856308464,30.273923682720383,53.887846856308464
0.2538055091819699,53.82797268285673,30.345922013100882,53.82797268285673
0.25547462437395657,53.76809778037522,30.417788305654586,53.76809778037522
0.2571437395659432,53.70822199872118,30.48952446298489,53.70822199872118
0.25881285475792987,53.64834518706839,30.56113235527556,53.64834518706839
0.2604819699499165,53.588467193901,30.632613821065018,53.588467193901
0.26215108514190316,53.52858786700738,30.703970667997343,53.52858786700738
0.2638202003338898,53.4687070534738,30.775204673550824,53.4687070534738
0.26548931552587646,53.40882459967816,30.846317585744888,53.40882459967816
0.2671584307178631,53.34894035128353,30.917311123826213,53.34894035128353
0.26882754590984975,53.28905415323179,30.988186978934618,53.28905415323179
0.2704966611018364,53.22916584973697,31.058946814749717,53.22916584973697
0.272165776293823,53.16927528427878,31.12959226811867,53.16927528427878
0.27383489148580964,53.109382299595865,31.200124949666034,53.109382299595865
0.2755040066777963,53.049486737679054,31.27054644438603,53.049486737679054
0.27717312186978293,52.98958843976462,31.34085831221807,52.98958843976462
0.2788422370617696,52.929687246327326,31.411062088606013,52.929687246327326
0.28051135225375623,52.8697829970735,31.481159285041638,52.8697829970735
0.2821804674457429,52.809875530933994,31.55115138959307,52.809875530933994
0.2838495826377295,52.749964686057055,31.621039867418407,52.749964686057055
0.2855186978297162,52.6900502998012,31.690826161265285,52.6900502998012
0.2871878130217028,52.630132208727865,31.760511691956662,52.630132208727865
0.28885692821368947,52.57021024859412,31.830097858863432,52.57021024859412
0.2905260434056761,52.51028425434523,31.899586040364138,52.51028425434523
0.29219515859766276,52.450354060107145,31.968977594292415,52.450354060107145
0.2938642737896494,52.39041949917891,32.03827385837227,52.39041949917891
0.29553338898163606,52.33048040402501,32.10747615064198,52.33048040402501
0.2972025041736227,52.27053660626759,32.17658576986653,52.27053660626759
0.29887161936560935,52.210587936678635,32.24560399593938,52.210587936678635
0.30054073455759595,52.150634225172055,32.31453209027361,52.150634225172055
0.3022098497495826,52.090675300795596,32.38337129618286,52.090675300795596
0.30387896494156924,52.03071099172284,32.45212283925247,52.03071099172284
0.3055480801335559,51.97074112524493,32.52078792770097,51.97074112524493
0.30721719532554254,51.91076552776231,32.589367752732436,51.91076552776231
0.3088863105175292,51.85078402477635,32.657863488879705,51.85078402477635
0.31055542570951583,51.790796440880875,32.726276294339016,51.790796440880875
0.3122245409015025,51.73080259975355,32.79460731129618,51.73080259975355
0.3138936560934891,51.67080232414728,32.86285766624453,51.67080232414728
0.3155627712854758,51.61079543588139,32.93102847029503,51.61079543588139
0.3172318864774624,51.55078175583281,32.99912081947859,51.55078175583281
0.31890100166944907,51.49076110392703,33.067135795040976,51.49076110392703
0.3205701168614357,51.43073329912916,33.13507446373051,51.43073329912916
0.32223923205342236,51.37069815943459,33.20293787807869,51.37069815943459
0.323908347245409,51.31065550185987,33.27072707667398,51.31065550185987
0.32557746243739566,51.25060514243324,33.338443084429066,51.25060514243324
0.3272465776293823,51.19054689618515,33.40608691284162,51.19054689618515
0.3289156928213689,51.13048057713867,33.473659560248855,51.13048057713867
0.33058480801335555,51.07040599829976,33.54116201207598,51.07040599829976
0.3322539232053422,51.01032297164747,33.608595241078845,51.01032297164747
0.33392303839732884,50.95023130812397,33.67596020758083,50.95023130812397
0.3355921535893155,50.89013081762451,33.74325785970415,50.89013081762451
0.33726126878130214,50.83002130898724,33.81048913359585,50.83002130898724
0.3389303839732888,50.76990258998292,33.87765495364846,50.76990258998292
0.34059949916527543,50.70977446730448,33.94475623271565,50.70977446730448
0.3422686143572621,50.64963674655652,34.011793872322826,50.64963674655652
0.3439377295492487,50.58948923224461,34.07876876287302,50.58948923224461
0.3456068447412354,50.52933172776452,34.14568178384802,50.52933172776452
0.347275959933222,50.46916403539132,34.21253380400499,50.46916403539132
0.34894507512520867,50.408985956268246,34.2793256815686,50.408985956268246
0.3506141903171953,50.34879729039565,34.34605826441895,50.34879729039565
0.35228330550918197,50.288597836619545,34.412732390275174,50.288597836619545
0.3539524207011686,50.22838739262025,34.4793488868751,50.22838739262025
0.35562153589315526,50.16816575490078,34.54590857215081,50.16816575490078
0.35729065108514185,50.10793271877508,34.612412254400446,50.10793271877508
0.3589597662771285,50.047688078356195,34.678860732456194,50.047688078356195
0.36062888146911515,49.987431626544215,34.745254795848616,49.987431626544215
0.3622979966611018,49.927163155014135,34.81159522496742,49.927163155014135
0.36396711185308844,49.86688245420353,34.87788279121879,49.86688245420353
0.3656362270450751,49.8065893133001,34.94411825717928,49.8065893133001
0.36730534223706174,49.74628352022906,35.01030237674644,49.74628352022906
0.3689744574290484,49.68596486164036,35.07643589528628,49.68596486164036
0.37064357262103503,49.62563312289569,35.14251954977753,49.62563312289569
0.3723126878130217,49.56528808805554,35.20855406895291,49.56528808805554
0.37398180300500833,49.50492953986577,35.2745401734374,49.50492953986577
0.375650918196995,49.44455725974434,35.34047857588367,49.44455725974434
0.3773200333889816,49.3841710277676,35.40636998110461,49.3841710277676
0.37898914858096827,49.323770622656646,35.47221508620321,49.323770622656646
0.3806582637729549,49.263355821763284,35.53801458069967,49.263355821763284
0.38232737896494157,49.202926401056004,35.60376914665598,49.202926401056004
0.3839964941569282,49.14248213510566,35.66947945879787,49.14248213510566
0.3856656093489148,49.082022797071,35.73514618463437,49.082022797071
0.38733472454090145,49.02154815868401,35.800769984574835,49.02154815868401
0.3890038397328881,48.96105799023515,35.86635151204374,48.96105799023515
0.39067295492487475,48.9005520605582,35.93189141359306,48.9005520605582
0.3923420701168614,48.84003013701517,35.997390329012426,48.84003013701517
0.39401118530884804,48.779491985480796,36.062848891437156,48.779491985480796
0.3956803005008347,48.718937370326955,36.12826772745403,48.718937370326955
0.39734941569282134,48.65836605440689,36.193647457205074,48.65836605440689
0.399018530884808,48.597777799039115,36.25898869448926,48.597777799039115
0.40068764607679463,48.53717236399127,36.32429204686219,48.53717236399127
0.4023567612687813,48.47654950746356,36.3895581157339,48.47654950746356
0.40402587646076793,48.41590898607226,36.45478749646472,48.41590898607226
0.4056949916527546,48.355250554832715,36.519980778459264,48.355250554832715
0.4073641068447412,48.294573967142306,36.58513854525869,48.294573967142306
0.4090332220367279,48.2338789747631,36.65026137463108,48.2338789747631
0.4107023372287145,48.17316532780429,36.71534983866019,48.17316532780429
0.41237145242070117,48.11243277470449,36.78040450383246,48.11243277470449
0.41404056761268776,48.051681062213596,36.84542593112238,48.051681062213596
0.4157096828046744,47.99090993537463,36.91041467607628,47.99090993537463
0.41737879799666106,47.93011913750517,36.9753712888945,47.93011913750517
0.4190479131886477,47.86930841017865,37.04029631451208,47.86930841017865
0.42071702838063435,47.808477493205274,37.105190292677825,47.808477493205274
0.422386143572621,47.74762612461286,37.17005375803211,47.74762612461286
0.42405525876460765,47.686754040627235,37.23488724018303,47.686754040627235
0.4257243739565943,47.62586097565246,37.29969126378128,47.62586097565246
0.42739348914858094,47.56494666225082,37.36446634859364,47.56494666225082
0.4290626043405676,47.504010831122436,37.42921300957507,47.504010831122436
0.43073171953255424,47.44305321108468,37.493931756939574,47.44305321108468
0.4324008347245409,47.382073529051276,37.55862309622968,47.382073529051276
0.43406994991652753,47.32107151001114,37.62328752838476,47.32107151001114
0.4357390651085142,47.260046877006836,37.68792554980807,47.260046877006836
0.4374081803005008,47.19899935111291,37.7525376524326,47.19899935111291
0.4390772954924875,47.13792865141373,37.81712432378574,47.13792865141373
0.4407464106844741,47.07683449498113,37.88168604705287,47.07683449498113
0.4424155258764607,47.015716596851696,37.946223301139646,47.015716596851696
0.44408464106844736,46.95457467000381,38.010736560733434,46.95457467000381
0.445753756260434,46.89340842533422,38.07522629636345,46.89340842533422
0.44742287145242066,46.832217571634445,38.13969297445997,46.832217571634445
0.4490919866444073,46.77100181556673,38.20413705741246,46.77100181556673
0.45076110183639395,46.70976086163972,38.26855900362673,46.70976086163972
0.4524302170283806,46.64849441218375,38.33295926758104,46.64849441218375
0.45409933222036725,46.587202167325835,38.39733829988132,46.587202167325835
0.4557684474123539,46.52588382496419,38.46169654731539,46.52588382496419
0.45743756260434054,46.46453908074254,38.526034452906245,46.46453908074254
0.4591066777963272,46.40316762802394,38.59035245596448,46.40316762802394
0.46077579298831384,46.34176915786423,38.65465099213976,46.34176915786423
0.4624449081803005,46.28034335898519,38.71893049347148,46.28034335898519
0.46411402337228713,46.21888991774719,38.783191388438574,46.21888991774719
0.4657831385642738,46.15740851812149,38.847434102008414,46.15740851812149
0.4674522537562604,46.095898841662176,38.91165905568495,46.095898841662176
0.4691213689482471,46.0343605674776,38.97586666755606,46.0343605674776
0.47079048414023367,45.972793372201465,39.04005735234007,45.972793372201465
0.4724595993322203,45.91119692996345,39.10423152143155,45.91119692996345
0.47412871452420696,45.84957091235941,39.16838958294631,45.84957091235941
0.4757978297161936,45.78791498842113,39.232531941765686,45.78791498842113
0.47746694490818026,45.72622882458559,39.29665899958008,45.72622882458559
0.4791360601001669,45.6645120846639,39.360771154931854,45.6645120846639
0.48080517529215355,45.60276442980954,39.424868803257425,45.60276442980954
0.4824742904841402,45.54098551848636,39.488952336928755,45.54098551848636
0.48414340567612685,45.47917500643594,39.55302214529415,45.47917500643594
0.4858125208681135,45.417332546644495,39.617078614718416,45.417332546644495
0.48748163606010014,45.35545778930931,39.68112212862233,45.35545778930931
0.4891507512520868,45.29355038180465,39.74515306752153,45.29355038180465
0.49081986644407344,45.23160996864703,39.80917180906478,45.23160996864703
0.4924889816360601,45.169636191460185,39.87317872807159,45.169636191460185
0.49415809682804673,45.10762868893928,39.9371741965693,45.10762868893928
0.4958272120200334,45.04558709681468,40.00115858382952,45.04558709681468
0.49749632721202003,44.98351104781511,40.06513225640405,44.98351104781511
0.4991654424040066,44.921400171630275,40.12909557816021,44.921400171630275
0.5008345575959933,44.85925409487286,40.19304891031565,44.85925409487286
0.5025036727879799,44.79707244103998,40.25699261147256,44.79707244103998
0.5041727879799666,44.73485483047395,40.320927037651416,44.73485483047395
0.5058419031719532,44.672600880322506,40.3848525423242,44.672600880322506
0.5075110183639399,44.610310204498354,40.44876947644704,44.610310204498354
0.5091801335559265,44.547982413638096,40.512678188492465,44.547982413638096
0.5108492487479132,44.48561711506048,40.57657902448105,44.48561711506048
0.5125183639398998,44.423213912723995,40.64047232801266,44.423213912723995
0.5141874791318864,44.36077240718377,40.704358440297234,44.36077240718377
0.5158565943238731,44.29829219554781,40.76823770018499,44.29829219554781
0.5175257095158597,44.235772871432474,40.83211044419631,44.235772871432474
0.5191948247078464,44.173214024917264,40.89597700655113,44.173214024917264
0.520863939899833,44.11061524249888,40.95983771919784,44.11061524249888
0.5225330550918197,44.047976107044484,41.023692911841835,44.047976107044484
0.5242021702838063,43.985296197744226,41.087542911973586,43.985296197744226
0.525871285475793,43.92257509006302,41.15138804489632,43.92257509006302
0.5275404006677796,43.85981235569141,41.215228633753284,43.85981235569141
0.5292095158597663,43.797007562495814,41.27906499955463,43.797007562495814
0.5308786310517529,43.73416027446767,41.34289746120386,43.73416027446767
0.5325477462437396,43.671270051671996,41.40672633552395,43.671270051671996
0.5342168614357262,43.608336450194926,41.47055193728302,43.608336450194926
0.5358859766277129,43.54535902209041,41.53437457921971,43.54535902209041
0.5375550918196995,43.48233731532603,41.59819457206813,43.48233731532603
0.5392242070116862,43.41927087372784,41.66201222458247,43.41927087372784
0.5408933222036728,43.35615923692435,41.72582784356128,43.35615923692435
0.5425624373956593,43.29300194028946,41.78964173387134,43.29300194028946
0.544231552587646,43.229798514884486,41.85345419847132,43.229798514884486
0.5459006677796326,43.16654848739917,41.917265538434904,43.16654848739917
0.5475697829716193,43.103251380091635,41.98107605297379,43.103251380091635
0.5492388981636059,43.039906710727344,42.04488603946022,43.039906710727344
0.5509080133555926,42.976513992517,42.10869579344931,42.976513992517
0.5525771285475792,42.91307273405327,42.17250560870092,42.91307273405327
0.5542462437395659,42.849582439246575,42.236315777201376,42.849582439246575
0.5559153589315525,42.78604260725952,42.30012658918481,42.78604260725952
0.5575844741235392,42.72245273244036,42.363938333154195,42.72245273244036
0.5592535893155258,42.65881230425523,42.4277512959021,42.65881230425523
0.5609227045075125,42.595120807219075,42.491565762531195,42.595120807219075
0.5625918196994991,42.53137772082549,42.55538201647441,42.55538201647441
0.5642609348914858,42.4675825194752,42.6192003395149,42.6192003395149
0.5659300500834724,42.40373467240326,42.683021011805636,42.683021011805636
0.5675991652754591,42.33983364360501,42.74684431188884,42.74684431188884
0.5692682804674457,42.27587889176059,42.810670516715064,42.810670516715064
0.5709373956594324,42.211869870158175,42.874499901662055,42.874499901662055
0.572606510851419,42.147806026615676,42.938332740553385,42.938332740553385
0.5742756260434057,42.08368680340116,43.002169305676766,43.002169305676766
0.5759447412353923,42.01951163715168,43.06600986780218,43.06600986780218
0.577613856427379,41.95527995879064,43.12985469619976,43.12985469619976
0.5792829716193656,41.89099119344367,43.19370405865738,43.19370405865738
0.5809520868113522,41.826644760352835,43.257558221498115,43.257558221498115
0.5826212020033389,41.76224007278931,43.32141744959734,43.32141744959734
0.5842903171953255,41.697776537964415,43.38528200639972,43.38528200639972
0.5859594323873122,41.633253556938925,43.44915215393589,43.44915215393589
0.5876285475792988,41.56867052453067,43.513028152838984,43.513028152838984
0.5892976627712855,41.50402682922038,43.57691026236091,43.57691026236091
0.5909667779632721,41.43932185305577,43.640798740388426,43.640798740388426
0.5926358931552588,41.37455497155373,43.704693843459,43.704693843459
0.5943050083472454,41.309725553600636,43.768595826776455,43.768595826776455
0.5959741235392321,41.24483296135073,43.83250494422645,43.83250494422645
0.5976432387312187,41.17987655012258,43.89642144839174,43.89642144839174
0.5993123539232053,41.11485566829342,43.96034559056723,43.96034559056723
0.6009814691151919,41.04976965719149,44.02427762077484,44.02427762077484
0.6026505843071785,40.98461785098627,44.088217787778206,44.088217787778206
0.6043196994991652,40.91939957657647,44.15216633909717,44.15216633909717
0.6059888146911518,40.85411415347583,44.216123521022084,44.216123521022084
0.6076579298831385,40.78876089369669,44.28008957862796,44.28008957862796
0.6093270450751251,40.723339101631176,44.34406475578843,44.34406475578843
0.6109961602671118,40.65784807392996,44.40804929518948,44.40804929518948
0.6126652754590984,40.59228709937871,44.472043438343135,44.472043438343135
0.6143343906510851,40.52665545877183,44.536047425600856,44.536047425600856
0.6160035058430717,40.46095242478384,44.6000614961668,44.6000614961668
0.6176726210350584,40.395177261837965,44.664085888110975,44.664085888110975
0.619341736227045,40.32932922597211,44.728120838382154,44.728120838382154
0.6210108514190317,40.263407564701986,44.79216658282067,44.79216658282067
0.6226799666110183,40.19741151688155,44.856223356171064,44.856223356171064
0.624349081803005,40.13134031256033,44.92029139209453,44.92029139209453
0.6260181969949916,40.06519317283795,44.98437092318133,44.98437092318133
0.6276873121869783,39.99896930971546,45.048462180962844,45.048462180962844
0.6293564273789649,39.932667925943655,45.1125653959237,45.1125653959237
0.6310255425709516,39.86628821486804,45.17668079751362,45.17668079751362
0.6326946577629382,39.79982936027064,45.24080861415918,45.24080861415918
0.6343637729549249,39.733290536208266,45.304949073275374,45.304949073275374
0.6360328881469115,39.66667090684743,45.36910240127717,45.36910240127717
0.6377020033388981,39.59996962629564,45.4332688235907,45.4332688235907
0.6393711185308848,39.53318583842905,45.4974485646646,45.4974485646646
0.6410402337228714,39.46631867671634,45.561641847980965,45.561641847980965
0.6427093489148581,39.39936726403873,45.62584889606633,45.62584889606633
0.6443784641068447,39.33233071250608,45.69006993050246,45.69006993050246
0.6460475792988314,39.265208123268856,45.75430517193703,45.75430517193703
0.647716694490818,39.19799858632597,45.81855484009417,45.81855484009417
0.6493858096828047,39.13070118032832,45.882819153784915,45.882819153784915
0.6510549248747913,39.063314972377924,45.94709833091749,45.94709833091749
0.652724040066778,38.99583901782251,46.011392588507505,46.011392588507505
0.6543931552587646,38.92827236004546,46.075702142688044,46.075702142688044
0.6560622704507512,38.86061403025103,46.14002720871959,46.14002720871959
0.6577313856427378,38.792863047244516,46.20436800099991,46.20436800099991
0.6594005008347245,38.72501841720758,46.26872473307374,46.26872473307374
0.6610696160267111,38.6570791334682,46.33309761764243,46.33309761764243
0.6627387312186978,38.58904417626536,46.397486866573466,46.397486866573466
0.6644078464106844,38.520912512508275,46.46189269090985,46.46189269090985
0.666076961602671,38.45268309552991,46.52631530087938,46.52631530087938
0.6677460767946577,38.38435486483477,46.59075490590393,46.59075490590393
0.6694151919866443,38.315926745840606,46.655211714608406,46.655211714608406
0.671084307178631,38.24739764961414,46.719685934829855,46.719685934829855
0.6727534223706176,38.1787664726003,46.7841777736263,46.7841777736263
0.6744225375626043,38.110032096345066,46.84868743728551,46.84868743728551
0.6760916527545909,38.04119338721152,46.91321513133374,46.91321513133374
0.6777607679465776,37.972249196089145,46.977761060544324,46.977761060544324
0.6794298831385642,37.903198358095835,47.04232542894612,47.04232542894612
0.6810989983305509,37.834039692272796,47.106908439832,47.106908439832
0.6827681135225375,37.76477200127169,47.171510295767106,47.171510295767106
0.6844372287145242,37.695394071034286,47.2361311985971,47.2361311985971
0.6861063439065108,37.62590467046388,47.300771349456326,47.300771349456326
0.6877754590984975,37.55630255108862,47.36543094877582,47.36543094877582
0.6894445742904841,37.48658644671633,47.43011019629131,47.43011019629131
0.6911136894824708,37.41675507308051,47.494809291051055,47.494809291051055
0.6927828046744574,37.34680712747741,47.55952843142369,47.55952843142369
0.6944519198664441,37.276741288393794,47.6242678151059,47.6242678151059
0.6961210350584307,37.20655621512505,47.68902763913004,47.68902763913004
0.6977901502504174,37.13625054738344,47.75380809987173,47.75380809987173
0.699459265442404,37.06582290489622,47.8186093930573,47.8186093930573
0.7011283806343906,36.99527188699315,47.88343171377115,47.88343171377115
0.7027974958263773,36.924596072183135,47.948275256463106,47.948275256463106
0.7044666110183639,36.85379401771972,48.01314021495566,48.01314021495566
0.7061357262103506,36.78286425915498,48.07802678245108,48.07802678245108
0.7078048414023372,36.71180530988144,48.14293515153855,48.14293515153855
0.7094739565943239,36.64061566066169,48.20786551420118,48.20786551420118
0.7111430717863105,36.5692937791452,48.27281806182289,48.27281806182289
0.7128121869782971,36.49783810937205,48.33779298519533,48.33779298519533
0.7144813021702837,36.42624707126298,48.402790474524714,48.402790474524714
0.7161504173622704,36.35451906009541,48.46781071943846,48.46781071943846
0.717819532554257,36.28265244596494,48.53285390899191,48.53285390899191
0.7194886477462437,36.21064557323175,48.59792023167492,48.59792023167492
0.7211577629382303,36.13849675995161,48.663009875418375,48.663009875418375
0.722826878130217,36.06620429729063,48.72812302760067,48.72812302760067
0.7244959933222036,35.993766448923566,48.79325987505404,48.79325987505404
0.7261651085141902,35.921181450414764,48.85842060407102,48.85842060407102
0.7278342237061769,35.84844750858145,48.9236054004106,48.9236054004106
0.7295033388981635,35.775562800838486,48.98881444930447,48.98881444930447
0.7311724540901502,35.7025254745241,49.054047935463174,49.054047935463174
0.7328415692821368,35.62933364620584,49.119306043082204,49.119306043082204
0.7345106844741235,35.55598540096609,49.184588955848,49.184588955848
0.7361797996661101,35.48247879166635,49.24989685694393,49.24989685694393
0.7378489148580968,35.40881183818961,49.31522992905619,49.31522992905619
0.7395180300500834,35.33498252665987,49.380588354379675,49.380588354379675
0.7411871452420701,35.26098880863814,49.445972314623766,49.445972314623766
0.7428562604340567,35.18682860029394,49.511381991018034,49.511381991018034
0.7445253756260434,35.11249978155138,49.57681756431797,49.57681756431797
0.74619449081803,35.038000195208944,49.64227921481061,49.64227921481061
0.7478636060100167,34.963327646031956,49.70776712232006,49.70776712232006
0.7495327212020033,34.88847989981666,49.77328146621306,49.77328146621306
0.75120183639399,34.813454682424855,49.83882242540446,49.83882242540446
0.7528709515859766,34.738249678787966,49.90439017836263,49.90439017836263
0.7545400667779633,34.662862531879384,49.96998490311478,49.96998490311478
0.7562091819699499,34.58729084165373,50.03560677725234,50.03560677725234
0.7578782971619366,34.51153216395194,50.1012559779362,50.1012559779362
0.7595474123539232,34.43558400937059,50.166932681901926,50.166932681901926
0.7612165275459098,34.35944384209424,50.232637065464914,50.232637065464914
0.7628856427378965,34.28310907868924,50.29836930452553,50.29836930452553
0.7645547579298831,34.206577086857386,50.3641295745742,50.3641295745742
0.7662238731218698,34.129845184147825,50.4299180506964,50.4299180506964
0.7678929883138564,34.05291063662564,50.49573490757765,50.49573490757765
0.769562103505843,33.97577065749509,50.56158031950846,50.56158031950846
0.7712312186978296,33.898422405675795,50.62745446038921,50.62745446038921
0.7729003338898163,33.820862984329885,50.69335750373501,50.69335750373501
0.7745694490818029,33.74308943933791,50.759289622680456,50.759289622680456
0.7762385642737896,33.66509875772155,50.82525098998447,50.82525098998447
0.7779076794657762,33.586887866010684,50.89124177803493,50.89124177803493
0.7795767946577629,33.50845362855246,50.957262158853446,50.957262158853446
0.7812459098497495,33.42979284575987,51.02331230409986,51.02331230409986
0.7829150250417362,33.35090225229725,51.08939238507696,51.08939238507696
0.7845841402337228,33.27177851519976,51.15550257273497,51.15550257273497
0.7862532554257095,33.192418231924,51.22164303767607,51.22164303767607
0.7879223706176961,33.1128179283268,51.28781395015888,51.28781395015888
0.7895914858096827,33.03297405656867,51.35401548010288,51.35401548010288
0.7912606010016694,32.952882992938775,51.42024779709282,51.42024779709282
0.792929716193656,32.872541035597614,51.48651107038305,51.48651107038305
0.7945988313856427,32.7919444022337,51.552805468901894,51.552805468901894
0.7962679465776293,32.71108922763027,51.61913116125585,51.61913116125585
0.797937061769616,32.629971561137644,51.6854883157339,51.6854883157339
0.7996061769616026,32.548587364046995,51.751877100311695,51.751877100311695
0.8012752921535893,32.46693250686058,51.818297682655746,51.818297682655746
0.8029444073455759,32.38500276645362,51.88475023012755,51.88475023012755
0.8046135225375626,32.30279382312242,51.951234909787665,51.951234909787665
0.8062826377295492,32.22030125751339,52.01775188839983,52.01775188839983
0.8079517529215359,32.13752054742671,52.08430133243497,52.08430133243497
0.8096208681135225,32.05444706448872,52.1508834080752,52.1508834080752
0.8112899833055092,31.97107607068636,52.217498281217836,52.217498281217836
0.8129590984974958,31.887402714756487,52.28414611747924,52.28414611747924
0.8146282136894825,31.803422028422816,52.350827082198805,52.350827082198805
0.8162973288814691,31.719128922472564,52.41754134044278,52.41754134044278
0.8179664440734558,31.634518182664397,52.48428905700817,52.48428905700817
0.8196355592654424,31.549584465458864,52.551070396426454,52.551070396426454
0.821304674457429,31.464322293561814,52.61788552296744,52.61788552296744
0.8229737896494157,31.378726051270874,52.684734600642976,52.684734600642976
0.8246429048414023,31.292789979614163,52.751617793210684,52.751617793210684
0.8263120200333889,31.206508171270112,52.81853526417764,52.81853526417764
0.8279811352253755,31.119874565256055,52.88548717680403,52.88548717680403
0.8296502504173622,31.032882941372954,52.952473694106786,52.952473694106786
0.8313193656093488,30.945526914392378,53.019494978863186,53.019494978863186
0.8329884808013355,30.857799927971083,53.08655119361443,53.08655119361443
0.8346575959933221,30.769695248277706,53.15364250066918,53.15364250066918
0.8363267111853088,30.68120595731469,53.22076906210708,53.22076906210708
0.8379958263772954,30.592324945917706,53.28793103978224,53.28793103978224
0.8396649415692821,30.50304490641351,53.35512859532672,53.35512859532672
0.8413340567612687,30.41335832491563,53.42236189015393,53.42236189015393
0.8430031719532554,30.323257473236215,53.4896310854621,53.4896310854621
0.844672287145242,30.232734400390452,53.5569363422376,53.5569363422376
0.8463414023372287,30.14178092366841,53.62427782125835,53.62427782125835
0.8480105175292153,30.050388619247357,53.6916556830971,53.6916556830971
0.849679632721202,29.958548812315495,53.759070088124815,53.759070088124815
0.8513487479131886,29.866252566675925,53.82652119651389,53.82652119651389
0.8530178631051752,29.773490673797344,53.89400916824144,53.89400916824144
0.8546869782971619,29.680253641275286,53.961534163092544,53.961534163092544
0.8563560934891485,29.586531680664987,54.02909634066343,54.02909634066343
0.8580252086811352,29.49231469464395,54.0966958603647,54.0966958603647
0.8596943238731218,29.397592263458794,54.16433288142444,54.16433288142444
0.8613634390651085,29.302353630607445,54.23200756289147,54.23200756289147
0.8630325542570951,29.2065876877038,54.29972006363829,54.29972006363829
0.8647016694490818,29.110282958467366,54.36747054236437,54.36747054236437
0.8663707846410684,29.013427581775954,54.43525915759909,54.43525915759909
0.8680398998330551,28.91600929371396,54.50308606770485,54.50308606770485
0.8697090150250417,28.81801540854319,54.570951430880086,54.570951430880086
0.8713781302170284,28.719432798516717,54.63885540516229,54.63885540516229
0.873047245409015,28.620247872449415,54.70679814843099,54.70679814843099
0.8747163606010017,28.520446552951018,54.774779818410714,54.774779818410714
0.8763854757929883,28.42001425221912,54.84280057267398,54.84280057267398
0.878054590984975,28.31893584628017,54.91086056864416,54.91086056864416
0.8797237061769616,28.21719564755605,54.97895996359843,54.97895996359843
0.8813928213689483,28.114777375622552,55.04709891467063,55.04709891467063
0.8830619365609349,28.011664126012924,55.115277578854176,55.115277578854176
0.8847310517529214,27.907838336905964,55.18349611300486,55.18349611300486
0.8864001669449081,27.803281753522043,55.2517546738437,55.2517546738437
0.8880692821368947,27.697975390032955,55.32005341795978,55.32005341795978
0.8897383973288814,27.591899488771922,55.38839250181297,55.38839250181297
0.891407512520868,27.485033476508193,55.45677208173678,55.45677208173678
0.8930766277128547,27.377355917526014,55.52519231394105,55.52519231394105
0.8947457429048413,27.26884446322038,55.593653354514736,55.593653354514736
0.896414858096828,27.159475797890934,55.66215535942859,55.66215535942859
0.8980839732888146,27.049225580380625,55.73069848453788,55.73069848453788
0.8997530884808013,26.938068381166595,55.79928288558511,55.79928288558511
0.9014222036727879,26.825977614466197,55.8679087182026,55.8679087182026
0.9030913188647746,26.712925464871105,55.93657613791522,55.93657613791522
0.9047604340567612,26.598882807965456,56.00528530014298,56.00528530014298
0.9064295492487479,26.48381912431925,56.074036360203664,56.074036360203664
0.9080986644407345,26.367702406174583,56.14282947331541,56.14282947331541
0.9097677796327212,26.2504990560582,56.21166479459932,56.21166479459932
0.9114368948247078,26.132173776457442,56.280542479082015,56.280542479082015
0.9131060100166944,26.012689449586446,56.349462681698185,56.349462681698185
0.9147751252086811,25.892007006142332,56.41842555729313,56.41842555729313
0.9164442404006677,25.77008528180478,56.48743126062528,56.48743126062528
0.9181133555926544,25.64688086006323,56.556479946368704,56.556479946368704
0.919782470784641,25.52234789975973,56.625571769115595,56.625571769115595
0.9214515859766277,25.396437945507554,56.69470688337874,56.69470688337874
0.9231207011686143,25.26909971887974,56.76388544359401,56.76388544359401
0.924789816360601,25.140278887950807,56.833107604122766,56.833107604122766
0.9264589315525876,25.00991781241002,56.90237351925433,56.90237351925433
0.9281280467445743,24.877955261034803,56.97168334320839,56.97168334320839
0.9297971619365609,24.744326097805438,57.041037230137384,57.041037230137384
0.9314662771285476,24.60896093233979,57.1104353341289,57.1104353341289
0.9331353923205342,24.47178572961018,57.17987780920807,57.17987780920807
0.9348045075125209,24.332721373047402,57.24936480933993,57.24936480933993
0.9364736227045075,24.191683174108192,57.31889648843176,57.31889648843176
0.9381427378964942,24.048580320141973,57.38847300033541,57.38847300033541
0.9398118530884808,23.903315250889825,57.45809449884963,57.45809449884963
0.9414809682804673,23.755782952119105,57.52776113772243,57.52776113772243
0.943150083472454,23.60587015265829,57.59747307065327,57.59747307065327
0.9448191986644406,23.45345440834216,57.66723045129546,57.66723045129546
0.9464883138564273,23.2984030529684,57.73703343325836,57.73703343325836
0.9481574290484139,23.14057199212326,57.80688217010968,57.80688217010968
0.9498265442404006,22.97980431041611,57.87677681537769,57.87677681537769
0.9514956594323872,22.815928655954476,57.946717522553485,57.946717522553485
0.9531647746243739,22.64875735736613,58.01670444509321,58.01670444509321
0.9548338898163605,22.478084217758823,58.086737736420254,58.086737736420254
0.9565030050083472,22.30368191591288,58.156817549927474,58.156817549927474
0.9581721202003338,22.125298926643687,58.22694403897938,58.22694403897938
0.9598412353923205,21.942655848131356,58.2971173569143,58.2971173569143
0.9615103505843071,21.755440991952227,58.36733765704654,58.36733765704654
0.9631794657762938,21.563305048493767,58.43760509266857,58.43760509266857
0.9648485809682804,21.365854581937477,58.507919817053164,58.507919817053164
0.9665176961602671,21.162644028494643,58.57828198345551,58.57828198345551
0.9681868113522537,20.95316575924986,58.648691745115364,58.648691745115364
0.9698559265442404,20.7368376098289,58.71914925525914,58.71914925525914
0.971525041736227,20.51298704987475,58.789654667102035,58.789654667102035
0.9731941569282136,20.28083082901405,58.86020813385011,58.86020813385011
0.9748632721202003,20.03944843251187,58.930809808702364,58.930809808702364
0.976532387312187,19.78774690882758,59.001459844852825,59.001459844852825
0.9782015025041736,19.524413420428914,59.07215839549263,59.07215839549263
0.9798706176961602,19.247849912445602,59.142905613812,59.142905613812
0.9815397328881469,18.956081027058474,59.21370165300241,59.21370165300241
0.9832088480801335,18.64662073042719,59.28454666625849,59.28454666625849
0.9848779632721202,18.3162728729147,59.355440806780166,59.355440806780166
0.9865470784641068,17.960821385234247,59.42638422777458,59.42638422777458
0.9882161936560935,17.574526281705676,59.497377082458165,59.497377082458165
0.9898853088480801,17.14925534482872,59.56841952405861,59.56841952405861
0.9915544240400668,16.672874394871076,59.639511705816886,59.639511705816886
0.9932235392320534,16.125958028243623,59.710653780989155,59.710653780989155
0.9948926544240401,15.47408442862979,59.7818459028488,59.7818459028488
0.9965617696160267,14.645580797217614,59.853088224688385,59.853088224688385
0.9982308848080133,13.437497509194213,59.92438089982158,59.92438089982158
0.9999,9.904831625412768,59.99572408158516,59.99572408158516
