realization,f_separated,f_nearly_identical
0,0.6520513650967406,2.7013650967500147
1,0.6585353613915194,9.185361391518834
2,0.6547618147653139,5.411814765317772
3,0.6590997251690235,9.749725169020975
4,0.6530220231600418,3.6720231600405135
5,0.6537974878790506,4.447487879048683
6,0.648625037016214,-0.724962983786512
7,0.6458388114156679,-3.5111885843363777
8,0.6529677290145445,3.617729014541078
9,0.6476682106509781,-1.681789349021893
10,0.6287375038001042,-20.612496199901006
11,0.6602817018460295,10.931701846030323
12,0.6491792647582161,-0.17073524178196964
13,0.6431789503475835,-6.171049652413574
14,0.6521436213708646,2.793621370864084
15,0.6621991686276526,12.849168627647748
16,0.6380490148960513,-11.300985103946617
17,0.6516256183539009,2.275618353905686
18,0.657674836091247,8.324836091246569
19,0.635452243165354,-13.897756834647344
20,0.658656807813517,9.306807813511424
21,0.6465292831912557,-2.820716808741943
22,0.6517166719231915,2.366671923195112
23,0.6387097955521022,-10.640204447894975
24,0.6494191020129525,0.06910201295185103
25,0.6571387161333363,7.788716133332747
26,0.6554405439971358,6.090543997138837
27,0.6519841814406493,2.6341814406469286
28,0.6501074733806483,0.7574733806481326
29,0.6561264326249345,6.776432624936459
30,0.6451614543481244,-4.188545651880254
31,0.6401802115506614,-9.169788449332392
32,0.6382572103585628,-11.09278964143544
33,0.6574268077580436,8.076807758042884
34,0.650844020817394,1.4940208173933829
35,0.6453197321514617,-4.030267848537559
36,0.665666087480404,16.316087480405532
37,0.6547031643420357,5.353164342035028
38,0.6506578768615299,1.3078768615274727
39,0.6398403608195437,-9.509639180455402
40,0.6578001585474103,8.450158547405058
41,0.6510129212339547,1.6629212339534702
42,0.6348304618451595,-14.519538154839415
43,0.653192832120241,3.8428321202442786
44,0.6700639347803137,20.71393478031263
45,0.6545932318279669,5.243231827966787
46,0.6633134929301661,13.96349293016538
47,0.6454369551508975,-3.913044849102136
48,0.6342794950097823,-15.070504990216303
49,0.6432791549173352,-6.07084508266552
50,0.663423792029359,14.073792029357218
51,0.6413637164987055,-7.986283501289751
52,0.644165639404246,-5.184360595757646
53,0.6671929482299991,17.842948230003927
54,0.6636316615031427,14.28166150313895
55,0.6518929612191625,2.54296121915931
56,0.6443192400191554,-5.03075998084026
57,0.6526198128320048,3.269812832009715
58,0.6455975097750624,-3.752490224935958
59,0.6399899340924626,-9.360065907539001
60,0.6431214134240488,-6.2285865759509305
61,0.6472570725400556,-2.0929274599492516
62,0.6082799306765989,-41.0700693233987
63,0.6447316372636419,-4.618362736356329
64,0.659633179633864,10.283179633859808
65,0.6423313855497337,-7.018614450266255
66,0.6609409905853514,11.590990585354755
67,0.6530155570480042,3.6655570480035555
68,0.6393752504631991,-9.974749536803571
69,0.666280315337637,16.930315337633996
70,0.6492969693192885,-0.053030680712503164
71,0.6407220818433381,-8.62791815666679
72,0.6406537749381179,-8.696225061878428
73,0.6643039020285668,14.95390202856583
74,0.6553759187263416,6.025918726342949
75,0.66220362016945,12.853620169450352
76,0.6364043335143987,-12.945666485605644
77,0.6556287642095722,6.278764209568855
78,0.6501607575236159,0.810757523618739
79,0.6462617840370308,-3.0882159629708306
80,0.6454428338240527,-3.907166175955099
81,0.6404862897486822,-8.863710251316714
82,0.6459660191169359,-3.383980883060787
83,0.6564515600607743,7.101560060771928
84,0.6488912439904948,-0.45875600950417994
85,0.6469379549837668,-2.4120450162302722
86,0.6644728853395058,15.122885339503883
87,0.649016368014015,-0.33363198598955157
88,0.6442752797215017,-5.074720278499361
89,0.6412899114011895,-8.060088598809244
90,0.6547610242132456,5.411024213246494
91,0.6478976460483661,-1.4523539516314918
92,0.6509162958392986,1.5662958392928488
93,0.6511185708712639,1.7685708712655814
94,0.635986944266843,-13.363055733153733
95,0.6629258470994831,13.575847099483594
96,0.6601962500003571,10.846250000360262
97,0.662787572770575,13.437572770570533
98,0.6475438957651996,-1.8061042347994114
99,0.6504140671362438,1.06406713624585
100,0.6559924444439034,6.642444443903772
101,0.6552658570349935,5.915857034997197
102,0.647873627599117,-1.4763724008851713
103,0.6476838450716127,-1.6661549283914723
104,0.6538339405981624,4.4839405981584814
105,0.6430187103767474,-6.33128962324951
106,0.6495605950835984,0.21059508359707474
107,0.6655659075184159,16.215907518416238
108,0.656449954419308,7.0999544193083
109,0.6648396173501349,15.489617350138397
110,0.6599678937281512,10.617893728153495
111,0.6568993020475511,7.54930204754978
112,0.6515551699010932,2.205169901089838
113,0.6460487579308228,-3.3012420691682496
114,0.6449247952248508,-4.425204775149212
115,0.6547685145235528,5.4185145235553795
116,0.636023503053156,-13.326496946842807
117,0.6451533021743278,-4.196697825678899
118,0.6512485707353206,1.898570735319193
119,0.645428069233774,-3.9219307662265286
120,0.6412947173244344,-8.055282675569185
121,0.6501571408507743,0.8071408507751167
122,0.647395772154191,-1.9542278458092994
123,0.6665154461443941,17.165446144400164
124,0.6505359350197109,1.185935019720775
125,0.6460772278932243,-3.2727721067758986
126,0.6438108840214418,-5.539115978553147
127,0.6445165817825835,-4.833418217414345
128,0.6332462715086038,-16.103728491393078
129,0.6581162008612993,8.766200861296689
130,0.6472864317931327,-2.0635682068720236
131,0.6511618601351482,1.8118601351436108
132,0.6445414635621376,-4.808536437859404
133,0.6437093844458962,-5.640615554100087
134,0.6429060440227979,-6.443955977196555
135,0.6479617452531424,-1.388254746856758
136,0.6268912115684684,-22.458788431534806
137,0.64977656253696,0.4265625369622337
138,0.6507050911647534,1.355091164756241
139,0.6457671668659459,-3.582833134054195
140,0.6588651372725113,9.515137272512225
141,0.6477425662906899,-1.6074337093106235
142,0.6395441826708964,-9.805817329103839
143,0.648609778747697,-0.7402212522993133
144,0.6490186108143158,-0.33138918568305586
145,0.6567512795085403,7.401279508537958
146,0.654467671685731,5.117671685727131
147,0.6402780817695489,-9.071918230455996
148,0.6421129935795139,-7.237006420484797
149,0.6336586894604308,-15.691310539573783
150,0.6433746799580975,-5.975320041904275
151,0.642761007684622,-6.588992315372952
152,0.6424492955686822,-6.9007044313161146
153,0.639479914779363,-9.870085220639506
154,0.6571442122002045,7.7942122002045995
155,0.6472478771473088,-2.102122852687349
156,0.6536097228165791,4.259722816571411
157,0.6649439126611414,15.593912661142431
158,0.6512987836779366,1.948783677940031
159,0.6632083541305294,13.858354130528786
160,0.6520045562883982,2.6545562883971203
161,0.6494238276047286,0.07382760473195604
162,0.6516972626225533,2.3472626225531124
163,0.653806179069539,4.456179069538914
164,0.6571930186464129,7.843018646407711
165,0.6509925223439965,1.6425223440022019
166,0.6494334661593063,0.08346615930820522
167,0.6435231044693651,-5.826895530639619
168,0.6358788168577025,-13.47118314229902
169,0.6461587421751408,-3.19125782487114
170,0.6298634644781844,-19.486535521816045
171,0.6510342990489667,1.684299048972691
172,0.6459262128888769,-3.42378711112185
173,0.6467501749270739,-2.599825072923674
174,0.666348414800144,16.99841480014359
175,0.6543595283265415,5.009528326540313
176,0.6526469843306305,3.296984330623966
177,0.655618136048537,6.268136048541732
178,0.6560005597528542,6.650559752851743
179,0.6537297177563278,4.379717756333692
180,0.6478461308695864,-1.50386913041794
181,0.6338140295539592,-15.535970446041171
182,0.6397486863020617,-9.6013136979345
183,0.6670203399504315,17.67033995043137
184,0.6375705317472237,-11.779468252775214
185,0.6541669770980156,4.8169770980168
186,0.6452604314426003,-4.0895685573971186
187,0.6530955391135662,3.7455391135661618
188,0.6257565886429272,-23.59341135707089
189,0.6473274978083917,-2.022502191605356
190,0.6404784696388073,-8.871530361198921
191,0.6606584707815571,11.30847078155925
192,0.6341580753357533,-15.191924664246294
193,0.640675834313625,-8.674165686378466
194,0.6568005185086144,7.450518508612074
195,0.6404350323051438,-8.914967694857504
196,0.6655029359520844,16.15293595208462
197,0.6585333221758205,9.183322175824129
198,0.6545203626416014,5.1703626416059425
199,0.6527776437255576,3.4276437255589647
200,0.6530034430081697,3.6534430081703912
201,0.6495661433644959,0.2161433644967482
202,0.6640314810163654,14.681481016369002
203,0.6510740489047809,1.7240489047778818
204,0.6454598798605061,-3.8901201394929674
205,0.6516854375612995,2.3354375612993383
206,0.6605849120388705,11.234912038869169
207,0.6581015843007324,8.751584300732537
208,0.630481098121861,-18.868901878137294
209,0.6577946563407051,8.44465634070922
210,0.6544867042310377,5.136704231036728
211,0.6575145978897883,8.16459788979707
212,0.6660907916700871,16.740791670082967
213,0.6542041656541542,4.854165654147276
214,0.6407069433943242,-8.643056605675216
215,0.6510275484001896,1.677548400186954
216,0.6697100077775164,20.360007777513694
217,0.6545773532008894,5.227353200889424
218,0.639969016415806,-9.380983584196445
219,0.6674062199080874,18.056219908079825
220,0.6549862707266912,5.636270726689175
221,0.6574532083823396,8.10320838234019
222,0.6361104483076546,-13.239551692340143
223,0.6443112264684179,-5.038773531581548
224,0.6699032591803724,20.553259180371143
225,0.6576408820237685,8.290882023770008
226,0.6463790250707016,-2.9709749292983876
227,0.6580650265759102,8.71502657590574
228,0.6577694723933485,8.41947239334527
229,0.6587786277478744,9.42862774786917
230,0.6543017744558712,4.951774455866761
231,0.6429625269241089,-6.387473075892852
232,0.6546926628625543,5.342662862549578
233,0.6536631879248804,4.313187924882961
234,0.6352450037002952,-14.104996299707686
235,0.6478358807485234,-1.514119251465634
236,0.6513887321733505,2.0387321733461965
237,0.6551525834710619,5.802583471058612
238,0.6456514746204739,-3.6985253795349364
239,0.6426210011963613,-6.72899880363772
240,0.6422138301310087,-7.136169868992405
241,0.6412636672084021,-8.086332791599663
242,0.6582089051526167,8.858905152617796
243,0.6431641729672114,-6.185827032793376
244,0.6476117330150365,-1.7382669849577344
245,0.6514756272644769,2.125627264474036
246,0.6488587339685378,-0.4912660314584597
247,0.6389590079644026,-10.390992035598194
248,0.6603494716160242,10.999471616025016
249,0.6391416804459293,-10.208319554063173
250,0.6648719697070012,15.52196970699852
251,0.657455903974582,8.1059039745792
252,0.6598156226240457,10.465622624040991
253,0.6492410520780615,-0.10894792193938807
254,0.6453852208766235,-3.964779123373219
255,0.6601861347569833,10.83613475698521
256,0.6409568413130201,-8.393158686980279
257,0.6421631275919514,-7.186872408052699
258,0.6447147729208234,-4.6352270791761905
259,0.6521453122967299,2.7953122967274533
260,0.6565909993532768,7.240999353279991
261,0.6422302857890588,-7.1197142109472065
262,0.6554514051964424,6.101405196444262
263,0.643083214421499,-6.266785578495689
264,0.6539663790341224,4.616379034124809
265,0.6442505512883862,-5.099448711614822
266,0.6537331458436813,4.383145843686832
267,0.6446943248223173,-4.655675177679927
268,0.6389815632321749,-10.368436767825186
269,0.6397533741134016,-9.596625886592097
270,0.6746743166003102,25.32431660031282
271,0.6404024961160797,-8.947503883920719
272,0.6579311591234346,8.581159123435658
273,0.6642805403531211,14.930540353125345
274,0.6507838645777699,1.4338645777623173
275,0.6603555770104069,11.005577010407789
276,0.6482338322498608,-1.1161677501399545
277,0.6533006914588864,3.950691458884943
278,0.6626077505554274,13.257750555431796
279,0.6479962213572167,-1.3537786427743308
280,0.6464552112785006,-2.894788721495034
281,0.6549924929511368,5.642492951136098
282,0.6428042336146453,-6.545766385352588
283,0.6601045098024879,10.754509802484911
284,0.6552129956226457,5.862995622644091
285,0.6569940740067343,7.644074006740287
286,0.6490085270439802,-0.34147295601320315
287,0.662370338399828,13.020338399828265
288,0.6761118007066524,26.761800706648383
289,0.6598207548362602,10.470754836257663
290,0.646424386646358,-2.9256133536445352
291,0.6411238495261753,-8.226150473819578
292,0.6376107151344498,-11.739284865553689
293,0.6532721723623143,3.922172362314573
294,0.6555837770269839,6.233777026978528
295,0.6574651110473662,8.115111047366383
296,0.6581028787969353,8.752878796930691
297,0.6415637201551055,-7.786279844893619
298,0.6413589994919335,-7.99100050806598
299,0.6473451248253428,-2.004875174663107
300,0.6510359154587243,1.6859154587220475
301,0.6507593286662726,1.4093286662730005
302,0.6547905777243321,5.440577724329593
303,0.6508103627132384,1.4603627132430752
304,0.6373611489444221,-11.988851055579659
305,0.6342305809213719,-15.119419078627114
306,0.6495386095496998,0.18860954969570826
307,0.6389935631305103,-10.356436869485503
308,0.6519981725032662,2.648172503261839
309,0.64670513407037,-2.644865929630899
310,0.6366961291315912,-12.65387086840674
311,0.6510685372052626,1.718537205260799
312,0.6476950049071994,-1.6549950927954598
313,0.646779427486369,-2.5705725136382225
314,0.644006057227669,-5.343942772334862
315,0.6549748857563289,5.624885756324875
316,0.6577545320231705,8.404532023169565
317,0.6495899618368638,0.2399618368624592
318,0.6564596161448127,7.10961614480783
319,0.6591232680937765,9.773268093775382
320,0.6575787504030339,8.228750403026122
321,0.6378337903880946,-11.516209611906463
322,0.6629641415751495,13.614141575144691
323,0.6507285072787028,1.378507278696908
324,0.6575682882504345,8.21828825043329
325,0.663760896093464,14.410896093461757
326,0.6366760689093812,-12.673931090618103
327,0.6315561572066352,-17.79384279336253
328,0.6464804296721329,-2.8695703278689813
329,0.6429098570956323,-6.440142904374059
330,0.6493278178385525,-0.022182161448926263
331,0.656732591148348,7.3825911483395
332,0.6483621977880117,-0.9878022119921209
333,0.6453029063700781,-4.047093629920445
334,0.6432262326476825,-6.123767352318348
335,0.645273614222605,-4.076385777393733
336,0.6522321060480873,2.882106048087561
337,0.6599374016347658,10.58740163476454
338,0.6465916654378172,-2.758334562187527
339,0.6284808990486871,-20.869100951315154
340,0.6455139315455842,-3.836068454407085
341,0.6534857954243807,4.135795424378566
342,0.6527264875375889,3.376487537588567
343,0.6457076770112736,-3.64232298872512
344,0.6604321004353862,11.08210043538214
345,0.6496559032859914,0.30590328599163275
346,0.6401559936466441,-9.19400635335724
347,0.6569341140514562,7.5841140514553524
348,0.6525808031059619,3.230803105963576
349,0.633124503259524,-16.225496740472266
350,0.6558821453837302,6.532145383729322
351,0.6464042784384071,-2.945721561586379
352,0.6411132896722874,-8.236710327708563
353,0.6409856358146544,-8.364364185351587
354,0.6429401106152592,-6.409889384743216
355,0.6514479398273406,2.097939827340626
356,0.6666750568235396,17.325056823540585
357,0.6408752040682929,-8.474795931705026
358,0.6465027257881774,-2.8472742118202685
359,0.6480091329511866,-1.3408670488048973
360,0.6511205885812974,1.7705885812972126
361,0.6503686970971909,1.0186970971877702
362,0.6453989451613179,-3.9510548386833038
363,0.6519575669697495,2.60756696975241
364,0.6536271588821552,4.277158882152238
365,0.6552881217712763,5.938121771277682
366,0.6591217668212457,9.771766821243334
367,0.6616672164560877,12.317216456088213
368,0.6342359962983287,-15.11400370166919
369,0.6428964526782877,-6.453547321711996
370,0.656948770760014,7.598770760014266
371,0.6504275455946648,1.0775455946668913
372,0.6503364485831001,0.9864485831017817
373,0.6519451317233541,2.595131723352717
374,0.6555950697108014,6.2450697108029765
375,0.663357780596331,14.007780596332319
376,0.649356409583117,0.006409583112499062
377,0.6510624035625079,1.7124035625119896
378,0.6457174240842367,-3.6325759157614255
379,0.6577951606837064,8.445160683709258
380,0.6439485730685932,-5.401426931407046
381,0.6479226859185288,-1.4273140814714123
382,0.6582124452368847,8.86244523688759
383,0.6495392639334284,0.18926393343746323
384,0.6432009275451723,-6.149072454829129
385,0.6509478900702068,1.5978900702124432
386,0.6444668993600092,-4.883100639987549
387,0.6544899889667,5.139988966700124
388,0.6582228582204785,8.872858220480945
389,0.6407108837048321,-8.63911629516466
390,0.6512510591311717,1.9010591311731386
391,0.6459616619700638,-3.388338029939002
392,0.6530122356038575,3.662235603855148
393,0.6543650109178515,5.015010917853295
394,0.6384701469849003,-10.879853015100535
395,0.6535237095314623,4.173709531461518
396,0.6470426110081349,-2.3073889918610835
397,0.6512287585356101,1.878758535610901
398,0.6450990583112867,-4.250941688718771
399,0.6485232086878941,-0.826791312104986
400,0.6363068394535171,-13.043160546478209
401,0.66317844361386,13.828443613863836
402,0.6548149518561964,5.4649518561906865
403,0.6515860897728089,2.236089772803588
404,0.6649229467221731,15.572946722175866
405,0.6596565337552142,10.306533755212588
406,0.6480948232427683,-1.2551767572334982
407,0.6471548396764211,-2.1951603235760895
408,0.655414082480864,6.06408248086585
409,0.6618335232917375,12.483523291733736
410,0.6586571108248411,9.307110824838512
411,0.6482893983133727,-1.0606016866236971
412,0.6702010990403054,20.851099040308394
413,0.6556637183769023,6.313718376907344
414,0.6680614376232488,18.71143762325657
415,0.6592267422457619,9.876742245765355
416,0.6541471846587846,4.797184658785646
417,0.6465594615195861,-2.7905384804123066
418,0.6534063824389187,4.056382438919935
419,0.665428780042025,16.078780042024018
420,0.6518241500195239,2.4741500195248407
421,0.6577521326779794,8.402132677977699
422,0.6511465495223157,1.7965495223174517
423,0.6466806008508662,-2.6693991491325515
424,0.6471672817278714,-2.1827182721318725
425,0.6358813059816739,-13.468694018326781
426,0.6517864057631948,2.436405763198859
427,0.6387725678893541,-10.577432110650026
428,0.6556604029639578,6.310402963958386
429,0.6670613193995993,17.711319399602754
430,0.6495108220794023,0.16082207940314314
431,0.6480447320645096,-1.3052679354915293
432,0.6410553464441805,-8.294653555816351
433,0.6554171606881399,6.067160688143708
434,0.6401062623781408,-9.243737621861186
435,0.6438192124808512,-5.53078751914485
436,0.6526885998611569,3.338599861157786
437,0.6385345683088243,-10.815431691177077
438,0.6591838778394782,9.833877839471153
439,0.6489034310271778,-0.446568972820227
440,0.6437097870502055,-5.640212949793118
441,0.6321857660170334,-17.16423398297189
442,0.6381630374428785,-11.186962557117026
443,0.6662420627860045,16.89206278600635
444,0.6562714824417534,6.921482441753882
445,0.6447165854249842,-4.6334145750164275
446,0.6379830851590055,-11.366914840999465
447,0.6440502546803747,-5.299745319623793
448,0.64363359074929,-5.716409250712747
449,0.6482414150377618,-1.1085849622380564
450,0.6584962844713245,9.146284471321085
451,0.6683695010104269,19.0195010104241
452,0.6564611908627871,7.1111908627887885
453,0.6583054934423339,8.955493442333609
454,0.6479645967121133,-1.3854032878853046
455,0.6411718094283284,-8.178190571672106
456,0.6437361829655589,-5.61381703443826
457,0.6658859404510684,16.535940451063148
458,0.6636567534902913,14.306753490290044
459,0.6336977231972796,-15.652276802720914
460,0.6573456387758327,7.9956387758251815
461,0.63370553845825,-15.644461541758504
462,0.6593165761989144,9.966576198916096
463,0.6414042971741012,-7.94570282589347
464,0.6460843416526152,-3.2656583473852336
465,0.6400241130216212,-9.325886978378506
466,0.66214476122557,12.794761225564878
467,0.6527931402516395,3.443140251641407
468,0.657631889069362,8.281889069358247
469,0.6356735207933366,-13.676479206661842
470,0.6512796085471689,1.9296085471717435
471,0.6644224797774149,15.072479777415923
472,0.649985968986484,0.6359689864789867
473,0.6548637899871557,5.513789987158359
474,0.6427318590616425,-6.618140938356745
475,0.6584721601923598,9.122160192363156
476,0.6552350421666712,5.885042166669473
477,0.6610354349279138,11.685434927916841
478,0.6520072008964963,2.6572008964961493
479,0.6454563293738073,-3.893670626185856
480,0.6457673417150799,-3.5826582849233426
481,0.6613959871406337,12.045987140631516
482,0.6450404967595592,-4.309503240435584
483,0.6573015924989114,7.951592498908622
484,0.6551900770900192,5.840077090017002
485,0.6464238550249135,-2.9261449750862156
486,0.6528710490587987,3.5210490587908785
487,0.6499927632936543,0.6427632936529644
488,0.659567482283358,10.217482283353194
489,0.644178654116058,-5.171345883943659
490,0.639246903019045,-10.103096980960649
491,0.6470328836821293,-2.3171163178707674
492,0.6534600051030635,4.110005103063556
493,0.6515404112777157,2.1904112777109765
494,0.6546530299522924,5.303029952294296
495,0.6443761018972165,-4.973898102783492
496,0.6656083843380052,16.25838433800563
497,0.6478750410815887,-1.474958918413161
498,0.6523937268157833,3.043726815779903
499,0.6453887614478834,-3.961238552117179
500,0.6490331269128927,-0.3168730871067241
501,0.6395420482082167,-9.80795179178629
502,0.669416833075583,20.06683307558686
503,0.6585223178763555,9.172317876354821
504,0.6589219098731663,9.571909873163365
505,0.6587923875232318,9.442387523227083
506,0.6481558930538488,-1.1941069461513325
507,0.6301782999755412,-19.171700024458683
508,0.6509568959659127,1.6068959659105928
509,0.6605537308923577,11.203730892357205
510,0.6364686625318949,-12.881337468101284
511,0.6363640881123652,-12.985911887643038
512,0.6510072895626767,1.6572895626769992
513,0.653253658926731,3.903658926738021
514,0.6617296619401999,12.37966194020117
515,0.6457745965398132,-3.5754034601875175
516,0.6424487296310007,-6.90127036899743
517,0.6611156957799329,11.765695779930727
518,0.6618502369055107,12.500236905511768
519,0.6327131762153517,-16.636823784651067
520,0.651950941646837,2.6009416468327395
521,0.6413597006677625,-7.990299332242449
522,0.6492110669757283,-0.13893302426800047
523,0.6630668429866523,13.716842986650704
524,0.6395931828911633,-9.75681710883984
525,0.6610301525216379,11.680152521628411
526,0.6420005936428147,-7.349406357183242
527,0.6432217234628463,-6.12827653715429
528,0.6439170636248588,-5.432936375140199
529,0.643265323098898,-6.084676901101308
530,0.6538110728344,4.461072834404004
531,0.6355076608762538,-13.84233912375155
532,0.6482725595089537,-1.077440491048005
533,0.6529085746749123,3.5585746749081206
534,0.6544182116876529,5.068211687653029
535,0.6544967966109578,5.146796610962588
536,0.6519670684194656,2.617068419467174
537,0.6433209829342361,-6.029017065765079
538,0.6435122333955386,-5.837766604462099
539,0.6478103601830862,-1.5396398169097179
540,0.6492816343383904,-0.0683656616116497
541,0.6510803558017615,1.7303558017578395
542,0.658332609078027,8.98260907802974
543,0.6427620840572407,-6.587915942755952
544,0.6454006435748847,-3.949356425112987
545,0.6576679071693593,8.31790716936154
546,0.6462467733404932,-3.1032266595124787
547,0.6423764621664485,-6.973537833550904
548,0.6541130530024485,4.763053002443401
549,0.637805788240145,-11.544211759853756
550,0.6573191385663634,7.969138566351679
551,0.649219702249054,-0.13029775094676566
552,0.6460283692897122,-3.3216307102897087
553,0.6522166570041058,2.8666570041055337
554,0.6400420147360911,-9.307985263914947
555,0.6340580771755713,-15.29192282442805
556,0.6560089077374518,6.658907737454318
557,0.6585583231671691,9.208323167164547
558,0.6562151029816272,6.865102981631649
559,0.6470249693035324,-2.3250306964665457
560,0.644723001584631,-4.626998415362402
561,0.6569326793861245,7.582679386127629
562,0.6563722568743342,7.02225687433597
563,0.6467938796623331,-2.5561203376678363
564,0.6493423387897088,-0.007661210294158338
565,0.6465039399014918,-2.846060098512747
566,0.6631478694825419,13.79786948254754
567,0.6541738374273656,4.82383742736093
568,0.6613888639726212,12.03886397262392
569,0.6513153825155402,1.965382515544384
570,0.6441189414666562,-5.231058533345771
571,0.6428200545712209,-6.529945428783302
572,0.6496511262829134,0.3011262829129097
573,0.6510570294858891,1.7070294858946964
574,0.6492841621922117,-0.06583780779218384
575,0.6396644173101307,-9.68558268987224
576,0.6379421909390607,-11.407809060941053
577,0.6592946646745786,9.94466467457916
578,0.6499653144753659,0.6153144753618135
579,0.6512569983755822,1.9069983755801507
580,0.6522476790490918,2.8976790490953275
581,0.6474131684377372,-1.93683156226188
582,0.627511013464852,-21.83898653514333
583,0.6475729217230407,-1.777078276957004
584,0.6658132198580026,16.463219858008944
585,0.6582054315700968,8.855431570096304
586,0.6467230686401981,-2.626931359803443
587,0.6399601145710219,-9.38988542897743
588,0.6421157850094844,-7.234214990514989
589,0.6413707834329245,-7.979216567073346
590,0.6661812462782737,16.83124627827688
591,0.64219341075339,-7.156589246605403
592,0.6568766106533176,7.5266106533206365
593,0.6552029310877643,5.852931087759425
594,0.6565295811774893,7.179581177485264
595,0.6442995124194508,-5.0504875805502785
596,0.6547485139211208,5.398513921119333
597,0.656152046590017,6.802046590023996
598,0.6366966009252034,-12.653399074797571
599,0.6372837800575523,-12.066219942443178
600,0.6389090534169379,-10.440946583067639
601,0.6444450189099968,-4.904981089999111
602,0.6609695458685297,11.619545868535335
603,0.6385587747390177,-10.79122526097976
604,0.6507565534435624,1.4065534435619818
605,0.640303982062999,-9.046017937002983
606,0.6466056818137416,-2.7443181862547243
607,0.6564270528897762,7.077052889774819
608,0.6518402524447933,2.4902524447912167
609,0.6582328388991681,8.882838899170183
610,0.6492307962861674,-0.11920371383367179
611,0.6529317426907922,3.5817426907958185
612,0.6448809996772102,-4.4690003227872355
613,0.6503466557677571,0.9966557677641108
614,0.6413140589260097,-8.035941073986946
615,0.6564762558128062,7.126255812805198
616,0.6514847554584687,2.134755458475371
617,0.6493829322647815,0.03293226478691069
618,0.6424947255759321,-6.855274424074716
619,0.6575623208265093,8.212320826514853
620,0.6657972314970092,16.44723149701211
621,0.6504457159324227,1.0957159324249954
622,0.6438996717912528,-5.450328208748892
623,0.6400905698616453,-9.259430138352615
624,0.6565600406681635,7.210040668160296
625,0.6470181028564095,-2.33189714358471
626,0.6611936231456225,11.843623145620112
627,0.6514956919890682,2.1456919890659125
628,0.6440563384960447,-5.2936615039553025
629,0.6546618412172485,5.311841217242457
630,0.6614382032249475,12.088203224948533
631,0.6628324257291277,13.482425729128275
632,0.6568720846068979,7.522084606897184
633,0.6393439206876407,-10.006079312361852
634,0.6519030689906852,2.5530689906805355
635,0.6362869828483557,-13.063017151641386
636,0.6478958742995482,-1.4541257004473125
637,0.6485646039055182,-0.7853960944865813
638,0.6602686340343087,10.918634034312527
639,0.6394313232831833,-9.918676716817018
640,0.6561404883611183,6.790488361114755
641,0.6497562902633269,0.40629026332397045
642,0.6685274974608769,19.17749746087708
643,0.6402535515350012,-9.096448464999645
644,0.6520862687505233,2.736268750526905
645,0.6482498069502833,-1.1001930497195027
646,0.6541974323463577,4.847432346355364
647,0.648564374853886,-0.7856251461080198
648,0.6486507578722724,-0.6992421277302313
649,0.6512787691088322,1.9287691088267338
650,0.6621166096770399,12.766609677038916
651,0.6554743158083113,6.124315808311697
652,0.6414917897034144,-7.858210296576782
653,0.648427650152169,-0.9223498478289262
654,0.659741357524421,10.391357524421078
655,0.6494206824450186,0.07068244501858834
656,0.6689472718390757,19.597271839064174
657,0.6574483648968213,8.098364896817532
658,0.6469438943943792,-2.4061056056190684
659,0.6534293291222041,4.079329122204729
660,0.6435954158483751,-5.754584151620057
661,0.6495351638941917,0.1851638941878061
662,0.6603444655912575,10.994465591259255
663,0.6547529260085219,5.402926008525481
664,0.6582338086591927,8.883808659192068
665,0.6374896302547775,-11.860369745226139
666,0.6452615940671048,-4.088405932891928
667,0.6645876111176072,15.237611117605804
668,0.6557331516641334,6.383151664137475
669,0.6525036106875441,3.153610687536944
670,0.6389240423801525,-10.425957619847964
671,0.6537108659789926,4.36086597898542
672,0.6571504640775628,7.800464077567663
673,0.641215432931846,-8.134567068156572
674,0.6558012994655589,6.4512994655583595
675,0.6473360242569848,-2.0139757430164438
676,0.6478853766979915,-1.4646233020101307
677,0.6483993937912547,-0.9506062087457915
678,0.649016395824305,-0.3336041756917748
679,0.6363933104970174,-12.956689502975683
680,0.6518745758357863,2.524575835783926
681,0.6443053916668056,-5.044608333188269
682,0.656955201732107,7.605201732108309
683,0.6523921333629056,3.042133362907364
684,0.6588892934348509,9.539293434856189
685,0.6518105493659794,2.4605493659799764
686,0.6558380077222408,6.488007722238387
687,0.6437696281763922,-5.580371823610308
688,0.6450322600602547,-4.317739939745934
689,0.6327808455772965,-16.569154422704663
690,0.6602525039844154,10.902503984412462
691,0.6470699731172513,-2.2800268827540644
692,0.6326583280769302,-16.691671923073642
693,0.6475928659892684,-1.7571340107275648
694,0.6459398694755655,-3.4101305244350413
695,0.6385342399835228,-10.8157600164774
696,0.6439720373976725,-5.37796260232404
697,0.6485388839858014,-0.8111160141978845
698,0.6457328639728381,-3.617136027164198
699,0.6525477796615691,3.1977796615678153
700,0.6527963486650092,3.4463486650074255
701,0.6413746348621939,-7.975365137805037
702,0.6441628269825466,-5.1871730174561455
703,0.6583785848781336,9.028584878135176
704,0.6543926378893744,5.042637889374997
705,0.6533323077193511,3.982307719352356
706,0.6519798001359574,2.629800135954362
707,0.6480144809959664,-1.3355190040378537
708,0.6543664391132286,5.016439113235572
709,0.6483812437378601,-0.9687562621397511
710,0.6524320521785593,3.0820521785686528
711,0.6521104367443223,2.7604367443202413
712,0.6486142834549857,-0.7357165450114754
713,0.6542753470673562,4.925347067360781
714,0.6429766341052527,-6.373365894744083
715,0.6542976423085689,4.947642308563366
716,0.6511263346778837,1.776334677879464
717,0.6474562300150226,-1.8937699849780483
718,0.6467041593672387,-2.645840632758885
719,0.6464744728991173,-2.875527100886382
720,0.648726397672395,-0.6236023276073789
721,0.6396697583220062,-9.68024167799574
722,0.6470524724772834,-2.2975275227165306
723,0.6380491513928359,-11.300848607163989
724,0.6485276682327944,-0.8223317672090663
725,0.6524567202045464,3.106720204545255
726,0.6596482034595169,10.298203459517973
727,0.6255909858397725,-23.759014160223096
728,0.650022882539756,0.6728825397583433
729,0.6505988608973624,1.2488608973602642
730,0.6526003276328181,3.2503276328186392
731,0.6476081029284061,-1.7418970715930149
732,0.6506498793632363,1.2998793632373022
733,0.6437197224859535,-5.630277514045183
734,0.6463061315475211,-3.0438684524857393
735,0.6479763133787033,-1.3736866212898367
736,0.646748363865971,-2.60163613402589
737,0.647972527100289,-1.377472899716412
738,0.6576509316371673,8.30093163717125
739,0.6526444331301277,3.294433130125468
740,0.6574085781865803,8.05857818657892
741,0.6505402692185901,1.1902692185949717
742,0.6542359352598373,4.885935259833762
743,0.6445207432753122,-4.8292567246867515
744,0.6363752663352095,-12.974733664793176
745,0.6584534987748754,9.103498774873149
746,0.6527836989614813,3.433698961479758
747,0.6540134018862437,4.663401886240263
748,0.6389169692447959,-10.433030755201198
749,0.6621380168149043,12.788016814897059
750,0.6478713316596877,-1.4786683403123484
751,0.6583722681439949,9.022268144000115
752,0.6519123581011419,2.5623581011435466
753,0.6635966581517155,14.246658151718345
754,0.6727890352608832,23.4390352608821
755,0.6539119581181504,4.561958118153631
756,0.6471792789909256,-2.1707210090706885
757,0.6514371697131655,2.0871697131673224
758,0.6635000757667529,14.150075766751955
759,0.6458334334546478,-3.516566545355127
760,0.6573604208141761,8.01042081416856
761,0.6459427590789871,-3.40724092101233
762,0.6599998879085529,10.64988790855876
763,0.6602083014872177,10.858301487221064
764,0.6455756629084013,-3.77433709160704
765,0.6489101047237114,-0.4398952762880338
766,0.6492102562439134,-0.13974375608819223
767,0.6509457766121188,1.5957766121289665
768,0.6449332638437413,-4.416736156252572
769,0.6486470184859815,-0.7029815140145158
770,0.6454691686332894,-3.8808313667058267
771,0.655592712721099,6.242712721091108
772,0.6398268415369295,-9.523158463070326
773,0.6456343026055213,-3.715697394487155
774,0.6504434714170896,1.0934714170914843
775,0.6603682829856308,11.018282985636501
776,0.6541009044644934,4.750904464485656
777,0.6555344312618033,6.184431261807736
778,0.6409563422826124,-8.393657717388418
779,0.6447114061632301,-4.6385938367725945
780,0.6458807418629167,-3.469258137085293
781,0.6436360287364433,-5.713971263555181
782,0.6502327960092823,0.8827960092823615
783,0.6621303984714714,12.780398471471088
784,0.6453935666024244,-3.9564333975723875
785,0.6486103636726978,-0.7396363273020844
786,0.6587484861130046,9.398486113003798
787,0.6377331594562166,-11.616840543778485
788,0.6474416534604459,-1.9083465395586048
789,0.6301098328130251,-19.240167186976095
790,0.643276551927724,-6.073448072278578
791,0.6538544103116911,4.504410311687034
792,0.6437660153476952,-5.583984652305841
793,0.653279163627256,3.9291636272623576
794,0.648425299179186,-0.9247008208165434
795,0.6598064440609663,10.456444060965335
796,0.6514030936925846,2.0530936925858123
797,0.641810550142126,-7.539449857881987
798,0.6420117569589419,-7.3382430410594965
799,0.649804686955678,0.45468695567407813
800,0.6607480570007118,11.39805700070563
801,0.6580758632316487,8.725863231645866
802,0.6423997502748632,-6.950249725135248
803,0.6568545280193687,7.504528019361052
804,0.6521269567441306,2.7769567441302496
805,0.6617012809559223,12.351280955923425
806,0.6449451046641262,-4.40489533587095
807,0.640271832167134,-9.078167832864477
808,0.6704611701646744,21.111170164676857
809,0.6449740945033977,-4.375905496598331
810,0.6485140950859212,-0.8359049140798162
811,0.6389413870035348,-10.408612996462697
812,0.6555747462281287,6.224746228125267
813,0.6388454803614645,-10.504519638535902
814,0.6496683543363071,0.31835433630987886
815,0.6435042469464797,-5.8457530535174635
816,0.6386612044885404,-10.688795511462557
817,0.6612520847721955,11.902084772194602
818,0.653874234087117,4.524234087117501
819,0.6512619306128415,1.9119306128428235
820,0.6384238056734108,-10.926194326591915
821,0.6492247749930837,-0.1252250069098788
822,0.6648467199253635,15.496719925364452
823,0.6472712497666518,-2.078750233346471
824,0.6602381173441683,10.888117344162717
825,0.660361140500384,11.011140500378461
826,0.653630938486116,4.28093848611236
827,0.6602170813371551,10.867081337159151
828,0.6522900191817992,2.9400191818004777
829,0.6673552736951313,18.00527369513203
830,0.6378499689936741,-11.500031006327891
831,0.6404518463062521,-8.898153693747414
832,0.6573897205947734,8.039720594778789
833,0.6412794762559632,-8.07052374403646
834,0.643622320118894,-5.727679881111316
835,0.6317065506114109,-17.643449388586394
836,0.6540759325557839,4.725932555787708
837,0.6593022516669296,9.95225166693359
838,0.6567129209720388,7.362920972037171
839,0.6385473361980446,-10.802663801953507
840,0.6482557688243376,-1.0942311756645662
841,0.6440384486956465,-5.311551304352212
842,0.63757769337055,-11.772306629449968
843,0.6437828056124806,-5.567194387525016
844,0.6538438835904627,4.493883590468371
845,0.6442582196079643,-5.09178039203511
846,0.6491990752413683,-0.15092475862971544
847,0.6505389595787743,1.1889595787739222
848,0.6546523023892659,5.3023023892645815
849,0.6501397323163055,0.7897323163058579
850,0.6464488488006432,-2.9011511993569483
851,0.6652516329824475,15.901632982446454
852,0.6702549763065377,20.90497630653629
853,0.6492446155195537,-0.10538448044430304
854,0.6636233354725571,14.273335472554392
855,0.6508714938066921,1.521493806697514
856,0.6394646044006349,-9.88539559936576
857,0.6455115371612822,-3.8384628387225104
858,0.6416114235675483,-7.738576432451261
859,0.643341701786058,-6.00829821393649
860,0.6583664085350285,9.016408535025917
861,0.6490109893589466,-0.3390106410518129
862,0.6617576293250386,12.407629325036314
863,0.6723742079545283,23.02420795453004
864,0.6451126157259099,-4.237384274086035
865,0.6427739238878624,-6.5760761121363025
866,0.6562823625044358,6.932362504432701
867,0.6459873255054296,-3.3626744945809084
868,0.6518936719404895,2.543671940490469
869,0.6435871449627838,-5.762855037227639
870,0.6493530043856636,0.0030043856643744427
871,0.6401062303405594,-9.243769659443775
872,0.6517649339995811,2.4149339995806804
873,0.6456932755390997,-3.656724460897848
874,0.6625214402138692,13.17144021387636
875,0.657213191000183,7.8631910001793806
876,0.6343056033220648,-15.044396677926192
877,0.6475289961540655,-1.8210038459345608
878,0.6510688233288758,1.718823328875576
879,0.6434892731684863,-5.860726831514223
880,0.6523714449744584,3.0214449744570984
881,0.6385051477118028,-10.8448522882004
882,0.6422139509458958,-7.1360490541083195
883,0.6481859086243247,-1.16409137567288
884,0.6587643824790759,9.4143824790714
885,0.6549363578746756,5.586357874677836
886,0.6338871081880588,-15.462891811939587
887,0.6265408168924493,-22.809183107553228
888,0.6545840364349754,5.234036434969099
889,0.6525744670099868,3.2244670099875927
890,0.660130709040183,10.780709040182723
891,0.6521886807006293,2.8386807006280037
892,0.660203023463916,10.853023463911697
893,0.63236758711666,-16.9824128833439
894,0.6365785818083062,-12.771418191692437
895,0.6497454097349356,0.39540973492753445
896,0.6614536198341238,12.103619834129747
897,0.6526615606280621,3.3115606280589733
898,0.6619554121653152,12.60541216531773
899,0.6545167308883032,5.166730888298727
900,0.6634088873477253,14.058887347730069
901,0.6598333840423616,10.483384042362637
902,0.6554285632548912,6.078563254890714
903,0.6587208366323373,9.3708366323401
904,0.6385452660414822,-10.804733958510495
905,0.6379822475288683,-11.367752471126735
906,0.6493087134418276,-0.04128655817245863
907,0.6378357114578701,-11.514288542130421
908,0.6500229556292785,0.6729556292775238
909,0.642574451793742,-6.7755482062573105
910,0.659037001074997,9.687001075003291
911,0.6499025546230344,0.5525546230387385
912,0.6462522617616064,-3.0977382383980028
913,0.6453138547651736,-4.036145234829793
914,0.6498189096299134,0.468909629913017
915,0.6567846130319541,7.434613031960726
916,0.6536791616927445,4.329161692739435
917,0.6493376907345304,-0.012309265468970265
918,0.6539765974879598,4.626597487964311
919,0.6452426065138965,-4.107393486096249
920,0.6498848245643305,0.5348245643338212
921,0.6540139450973297,4.663945097323328
922,0.6495624632820189,0.21246328202718678
923,0.6378429562633241,-11.50704373667335
924,0.6391539145966003,-10.196085403400026
925,0.6550697784742913,5.719778474296848
926,0.6584141202182862,9.064120218288377
927,0.6488251282552233,-0.5248717447777952
928,0.6585001434149949,9.150143414989799
929,0.6529518981610702,3.6018981610663503
930,0.6547016869560907,5.351686956092202
931,0.6507262780546568,1.3762780546486721
932,0.6501162782119755,0.7662782119650176
933,0.650150706007949,0.8007060079492037
934,0.6547198763282341,5.369876328229555
935,0.6601111042651493,10.761104265146482
936,0.6418391333346722,-7.510866665324862
937,0.6527376478788356,3.3876478788310154
938,0.6568499143246705,7.499914324670355
939,0.646300816947095,-3.049183052902496
940,0.6622557542897289,12.905754289726255
941,0.6530471313677934,3.697131367790135
942,0.6459458465791095,-3.4041534208886053
943,0.6649715448580914,15.621544858087033
944,0.6534911712916478,4.141171291652982
945,0.6388379598335397,-10.512040166459816
946,0.6549969463761226,5.646946376120297
947,0.6544949061057517,5.144906105752712
948,0.6405006783446605,-8.849321655342754
949,0.6678927124687557,18.542712468747407
950,0.6472576744538722,-2.092325546124637
951,0.6467528483683284,-2.5971516316735594
952,0.651622268928105,2.272268928103834
953,0.6558844513639132,6.534451363910092
954,0.6662908776698137,16.940877669813897
955,0.6532650957767074,3.9150957767077834
956,0.6538148240984117,4.4648240984049785
957,0.6543907415103579,5.040741510354727
958,0.6533195267544321,3.969526754432501
959,0.6542089864791845,4.85898647918444
960,0.6459973897073098,-3.3526102926852377
961,0.6489285443653935,-0.42145563460632374
962,0.6499434857228055,0.5934857228011375
963,0.6453041627311442,-4.045837268857881
964,0.6563200020879576,6.970002087953891
965,0.6476603442328069,-1.6896557671923702
966,0.6443001987745358,-5.049801225458067
967,0.6642099799838553,14.859979983854645
968,0.6372452958029142,-12.104704197087727
969,0.6575514433649795,8.201443364978518
970,0.6480041758728817,-1.3458241271143407
971,0.6497701611726465,0.4201611726444156
972,0.6473066784161167,-2.043321583876062
973,0.6552313219735102,5.8813219735150515
974,0.6470030841049967,-2.3469158950045315
975,0.6543168200693671,4.96682006936464
976,0.6354803510751056,-13.869648924895664
977,0.6411018839856585,-8.248116014337848
978,0.6596343948080886,10.284394808089662
979,0.6601593286722787,10.809328672277633
980,0.6483268655059207,-1.0231344940872975
981,0.6409284369867229,-8.42156301327528
982,0.6473807535432049,-1.9692464567905663
983,0.6545384125988707,5.18841259886967
984,0.6443149624501843,-5.035037549814179
985,0.6455978789521076,-3.752121047896136
986,0.645228859386092,-4.1211406138969755
987,0.650329504954871,0.9795049548710197
988,0.6405242322800371,-8.82576771997363
989,0.6468917451070724,-2.458254892928405
990,0.6640842915274631,14.734291527466928
991,0.6599458830494761,10.59588304947696
992,0.6434773352792671,-5.872664720727765
993,0.6573208892492669,7.970889249271793
994,0.6516522520286842,2.302252028694126
995,0.6662836144808691,16.93361448086999
996,0.6479479079534837,-1.4020920465156403
997,0.6551184057870192,5.7684057870191205
998,0.6466001470127336,-2.7498529872563977
999,0.6325910344370868,-16.758965562914984
1000,0.637719278591485,-11.630721408519832
1001,0.6371013430272615,-12.248656972741973
1002,0.6477895548279343,-1.5604451720660744
1003,0.6516258766140484,2.275876614048139
1004,0.659870582320638,10.520582320638402
1005,0.6635528492475332,14.20284924753754
1006,0.6349019915333841,-14.448008466620477
1007,0.6489435342582148,-0.4064657417850105
1008,0.656266566752972,6.916566752966071
1009,0.6387068530129874,-10.643146987006544
1010,0.643384814645536,-5.965185354459329
1011,0.6501664296318088,0.8164296318104683
1012,0.6548381587198118,5.488158719811453
1013,0.6341950264321105,-15.154973567884776
1014,0.6355482539939142,-13.801746006087113
1015,0.6430825290293128,-6.267470970687004
1016,0.659689283714141,10.339283714147381
1017,0.6630976648169703,13.747664816971284
1018,0.6460197003928708,-3.330299607137397
1019,0.6490786060663116,-0.2713939336814465
1020,0.6590002700097932,9.650270009786569
1021,0.646229360281019,-3.12063971898183
1022,0.6346287760310377,-14.72122396896362
1023,0.6637129517487133,14.362951748715668
1024,0.640205927469234,-9.144072530760816
1025,0.6468214157576133,-2.5285842423848766
1026,0.6510916492089494,1.7416492089454034
1027,0.6425820781602416,-6.767921839761127
1028,0.6368494447852839,-12.500555214718666
1029,0.6484295463362683,-0.9204536637332855
1030,0.6356321099127353,-13.717890087261438
1031,0.6488160204152602,-0.5339795847374534
1032,0.6488075745748053,-0.5424254251884212
1033,0.6549213098002551,5.571309800250736
1034,0.6432073753302554,-6.1426246697426246
1035,0.6455208329383586,-3.829167061635981
1036,0.6454143735107251,-3.935626489274601
1037,0.6440970297588178,-5.252970241181415
1038,0.6434503964417999,-5.899603558196536
1039,0.651976343603453,2.6263436034558096
1040,0.6588054374130548,9.455437413046004
1041,0.6482002165142502,-1.1497834857408127
1042,0.6406000983029436,-8.749901697051756
1043,0.6556031804005517,6.253180400550919
1044,0.6207660948838443,-28.583905116150785
1045,0.6505023022662135,1.1523022662196556
1046,0.6589814466481971,9.631446648194332
1047,0.65775976641941,8.409766419414908
1048,0.6487157914328139,-0.6342085671892895
1049,0.6487563777472375,-0.5936222527605864
1050,0.645604069697714,-3.745930302284918
1051,0.6673854254656825,18.0354254656799
1052,0.6435429028313773,-5.807097168625412
1053,0.653028260956508,3.6782609565057354
1054,0.6494460626202561,0.09606262026375056
1055,0.6241309681794635,-25.21903182054391
1056,0.6519046064622949,2.5546064622911158
1057,0.6253038712850343,-24.04612871496337
1058,0.6476334378385774,-1.7165621614193514
1059,0.6551409568396391,5.790956839636167
1060,0.6324651118888825,-16.884888111120706
1061,0.6514366763984885,2.0866763984843795
1062,0.6379560090230927,-11.39399097690333
1063,0.6383728436658161,-10.977156334171488
1064,0.6453944986167754,-3.9555013832247714
1065,0.6642419542319795,14.891954231980835
1066,0.6521684597912127,2.818459791210212
1067,0.634567296260342,-14.782703739655203
1068,0.6655921008208435,16.242100820842023
1069,0.6496215501524167,0.2715501524165671
1070,0.6395834353441986,-9.766564655801535
1071,0.651589220355333,2.2392203553288947
1072,0.6593291918737598,9.979191873760735
1073,0.6474373537828967,-1.912646217103001
1074,0.6616442885049507,12.294288504943875
1075,0.6545685444410084,5.218544441009453
1076,0.6438425031344333,-5.507496865567979
1077,0.6457267310242086,-3.623268975791604
1078,0.6568237471061941,7.473747106191545
1079,0.6401106193920061,-9.239380607996335
1080,0.6465882160401984,-2.761783959799691
1081,0.648914916879975,-0.43508312002573135
1082,0.6495827938075208,0.23279380752384543
1083,0.6571404433800013,7.790443380005343
1084,0.6439882149602081,-5.36178503978581
1085,0.636085807123381,-13.264192876619452
1086,0.6545330422679402,5.183042267944663
1087,0.6553152839138379,5.965283913832924
1088,0.6428971601247853,-6.452839875221255
1089,0.6216799298232326,-27.670070176765197
1090,0.6473257516782999,-2.024248321698536
1091,0.658267997540868,8.917997540868555
1092,0.6523236816996142,2.9736816996114714
1093,0.6470006103004385,-2.3493896995592016
1094,0.6617554650095657,12.405465009572513
1095,0.6514762173794831,2.126217379473974
1096,0.6537804382824534,4.4304382824539585
1097,0.6451899018591171,-4.160098140880044
1098,0.6479704870997703,-1.379512900219698
1099,0.6534709371912847,4.120937191285131
1100,0.6521252967981968,2.7752967981996934
1101,0.6488391636082016,-0.5108363918002238
1102,0.6559517746194123,6.601774619411536
1103,0.6352949144549228,-14.055085545084516
1104,0.6282622807762597,-21.0877192237361
1105,0.651059979271408,1.7099792713991109
1106,0.6420479787417162,-7.302021258282517
1107,0.6494325448103604,0.08254481035987538
1108,0.6306156427500806,-18.73435724992664
1109,0.6633397838317455,13.98978383174073
1110,0.6351448425009376,-14.20515749906572
1111,0.6548782361836165,5.528236183615752
1112,0.6486771925324969,-0.6728074675046735
1113,0.649809756405128,0.4597564051306299
1114,0.6682836500637057,18.933650063708054
1115,0.6414685389044721,-7.88146109552755
1116,0.6477414604558942,-1.6085395441046195
1117,0.6513270542780896,1.9770542780912224
1118,0.6497939386237211,0.443938623722964
1119,0.6646260637542344,15.276063754231872
1120,0.6501385629718561,0.7885629718561006
1121,0.6446572987559849,-4.692701244011789
1122,0.6457187417748443,-3.631258225154523
1123,0.6500416687703021,0.6916687702963082
1124,0.6524279985739684,3.0779985739697127
1125,0.6426037309666489,-6.7462690333492015
1126,0.6541672286998708,4.817228699871873
1127,0.6561333912832406,6.783391283233994
1128,0.6457720655434198,-3.577934456579849
1129,0.6355902558447276,-13.759744155271012
1130,0.6480717258259276,-1.2782741740705568
1131,0.6478656795374708,-1.4843204625288848
1132,0.649781751178072,0.43175117807415414
1133,0.661140245512455,11.790245512455277
1134,0.6378999228039405,-11.450077196060597
1135,0.6507038463646636,1.3538463646667234
1136,0.6535262539973627,4.176253997366193
1137,0.6560139916154697,6.663991615472504
1138,0.6542771877904727,4.927187790475991
1139,0.6461857666970914,-3.164233302912621
1140,0.6472451054723742,-2.104894527629569
1141,0.6414588574986718,-7.8911425013324745
1142,0.6482493176837386,-1.1006823162668704
1143,0.6609266339493559,11.57663394935633
1144,0.6532967660711432,3.9467660711423287
1145,0.6566703464889638,7.32034648895711
1146,0.6536932464889026,4.343246488912855
1147,0.6730771437145564,23.72714371455654
1148,0.6549701981286242,5.62019812863219
1149,0.6556749613478223,6.324961347823002
1150,0.6576772452879258,8.32724528792353
1151,0.646083316726272,-3.266683273734083
1152,0.651941672798419,2.591672798422806
1153,0.6505070356372202,1.157035637226258
1154,0.6450047643365757,-4.345235663427452
1155,0.6617248425888107,12.374842588811816
1156,0.6462780419790487,-3.0719580209523363
1157,0.6262325785670918,-23.11742143290479
1158,0.6518403447579127,2.490344757908472
1159,0.6483140132352575,-1.0359867647375336
1160,0.6548236077507428,5.473607750743886
1161,0.6607948963967714,11.444896396766943
1162,0.6518945851583094,2.5445851583030588
1163,0.6582009168946766,8.850916894679726
1164,0.6381693808722547,-11.180619127746766
1165,0.644137295591354,-5.212704408648665
1166,0.6556688613570568,6.318861357053753
1167,0.6662508054170323,16.900805417035595
1168,0.6589093002904163,9.559300290419133
1169,0.6644238560374586,15.073856037458327
1170,0.6381978507237857,-11.152149276211029
1171,0.6461698327457482,-3.1801672542486252
1172,0.6619272270969613,12.577227096952544
1173,0.6543585395141562,5.00853951415615
1174,0.6615431130089722,12.193113008962076
1175,0.6326144208312213,-16.735579168782785
1176,0.6390252454901141,-10.324754509895318
1177,0.653510064348352,4.160064348349752
1178,0.6520727629240435,2.72276292404443
1179,0.645975193508324,-3.3748064916774863
1180,0.6524297173870317,3.07971738703654
1181,0.6458709073915812,-3.479092608416756
1182,0.6518653567224424,2.5153567224395843
1183,0.6408422929052378,-8.507707094756277
1184,0.6526513857548756,3.3013857548709606
1185,0.6497256513632199,0.3756513632211645
1186,0.6453831842203095,-3.9668157796903043
1187,0.6670862392834004,17.736239283401826
1188,0.6551725398736602,5.822539873659837
1189,0.6545821173018853,5.232117301884154
1190,0.6501049715129196,0.7549715129138643
1191,0.6656270566954674,16.27705669546995
1192,0.6468480829590513,-2.5019170409524913
1193,0.6614209223804611,12.070922380465204
1194,0.6468526172579584,-2.497382742043716
1195,0.6427757600017839,-6.574239998209632
1196,0.6606324311420362,11.282431142038645
1197,0.6572002590636923,7.850259063696488
1198,0.6332843681044498,-16.065631895543245
1199,0.639106248113547,-10.243751886453508
1200,0.6591507245399791,9.800724539976299
1201,0.6439439366265178,-5.406063373483335
1202,0.6492169358796219,-0.13306412037366766
1203,0.6410622396869453,-8.287760313060462
1204,0.6285223244178174,-20.82767558218353
1205,0.6491806389535916,-0.1693610464027986
1206,0.6420473564418552,-7.302643558150091
1207,0.6593483338346943,9.998333834696025
1208,0.6478976535346571,-1.4523464653412645
1209,0.6561922737499409,6.8422737499391895
1210,0.6434325410498662,-5.917458950130511
1211,0.6625236742618528,13.1736742618537
1212,0.6517587439975382,2.408743997536028
1213,0.6481978404740738,-1.1521595259232793
1214,0.6370331052492211,-12.316894750777266
1215,0.6406165710387557,-8.733428961248611
1216,0.6288197111444712,-20.530288855523136
1217,0.6372676374830837,-12.082362516918769
1218,0.6515740528103067,2.2240528103064094
1219,0.6431043913000988,-6.245608699904814
1220,0.6540955729649992,4.745572965004875
1221,0.6490892539599776,-0.26074604002191515
1222,0.6448603523573683,-4.489647642634077
1223,0.6519087893555986,2.558789355597588
1224,0.6368103910037526,-12.53960899624978
1225,0.6488910870129961,-0.4589129870096119
1226,0.6350430731570604,-14.306926842941472
1227,0.6554715996151854,6.121599615190493
1228,0.6581997385302206,8.849738530217284
1229,0.6475623873670511,-1.787612632946591
1230,0.6535076778566138,4.15767785661712
1231,0.6545301862838023,5.180186283802814
1232,0.6488300162222967,-0.5199837777038813
1233,0.6439789344170713,-5.371065582927739
1234,0.648909909227308,-0.4400907726949913
1235,0.6399823234315339,-9.367676568459563
1236,0.6321804601089893,-17.169539891004103
1237,0.6608748674161713,11.524867416174494
1238,0.6563307552926028,6.980755292602317
1239,0.6484035414236937,-0.9464585762983707
1240,0.6550125202159035,5.662520215908196
1241,0.6510779585985849,1.7279585985867736
1242,0.6597124099830382,10.362409983044584
1243,0.6528379120859297,3.4879120859319976
1244,0.6358190971888256,-13.530902811171833
1245,0.6570485175245925,7.698517524591048
1246,0.6506512603968292,1.3012603968310903
1247,0.6531668231481738,3.816823148184824
1248,0.6502170356491844,0.8670356491824304
1249,0.6409480455096449,-8.401954490354107
1250,0.6459003300703337,-3.449669929660342
1251,0.645029882464891,-4.3201175351071655
1252,0.6556326873476869,6.28268734768555
1253,0.6523170728162581,2.967072816256653
1254,0.6429696620872799,-6.380337912725417
1255,0.6663375626858091,16.987562685818727
1256,0.6459555378697417,-3.3944621302587117
1257,0.6504101756076187,1.0601756076152125
1258,0.6368618721098166,-12.48812789018554
1259,0.6555013210095451,6.151321009542885
1260,0.6436621481747992,-5.687851825203451
1261,0.6484098896088919,-0.9401103911078562
1262,0.6630965717004619,13.746571700461086
1263,0.6553356653376651,5.985665337663661
1264,0.6653831728738302,16.03317287382878
1265,0.6350602119235413,-14.289788076453062
1266,0.6688393871251028,19.48938712509939
1267,0.6548292718689881,5.479271868987104
1268,0.6486369068854351,-0.7130931145615461
1269,0.6635472530567985,14.197253056800433
1270,0.6451024884258509,-4.247511574149951
1271,0.6479406434656607,-1.4093565343380927
1272,0.6508833209776597,1.5333209776630872
1273,0.6429609361201898,-6.389063879811022
1274,0.669605852787611,20.255852787608458
1275,0.6340640637180137,-15.285936281985734
1276,0.6527386318321172,3.38863183211726
1277,0.6507292036786102,1.379203678609147
1278,0.6561427688566653,6.7927688566679825
1279,0.6625503719881229,13.200371988121951
1280,0.6460499970139003,-3.3000029861053974
1281,0.645014171570865,-4.335828429135091
1282,0.643298370050289,-6.051629949719212
1283,0.6354946947597194,-13.855305240284583
1284,0.6612128570955298,11.862857095538171
1285,0.6482277113989411,-1.122288601057991
1286,0.6657940655270992,16.444065527097212
1287,0.6397892897881531,-9.56071021185219
1288,0.6394275844283612,-9.922415571636733
1289,0.6448340321536505,-4.515967846343458
1290,0.6561712846258928,6.821284625894745
1291,0.6629325161054032,13.582516105403698
1292,0.6455151116437116,-3.834888356285845
1293,0.654577104179778,5.227104179773798
1294,0.6439595877884688,-5.390412211535296
1295,0.6488051113206625,-0.5448886793416455
1296,0.6700238852462936,20.67388524629116
1297,0.6513738424845952,2.023842484590882
1298,0.6501321198197284,0.7821198197271159
1299,0.6376707883526114,-11.67921164739031
1300,0.6403324935748237,-9.017506425169929
1301,0.6484137806278744,-0.9362193721274578
1302,0.6396176612048532,-9.732338795146006
1303,0.6623311533663209,12.981153366321987
1304,0.6324688426488105,-16.881157351188268
1305,0.6585490947319556,9.199094731951027
1306,0.6550559376898911,5.705937689891074
1307,0.6473608849432978,-1.9891150567097382
1308,0.6424583201531233,-6.891679846876241
1309,0.6410432919735459,-8.306708026451803
1310,0.6465145681821846,-2.8354318178099667
1311,0.658294809073937,8.944809073928903
1312,0.6555709784277615,6.220978427759909
1313,0.6463262292790817,-3.0237707209179803
1314,0.6385683143029379,-10.781685697063544
1315,0.6619218215281796,12.57182152817354
1316,0.6496468497148373,0.2968497148366203
1317,0.6483200099115702,-1.0299900884289186
1318,0.6479029652183252,-1.4470347816749856
1319,0.6449726053512872,-4.377394648718207
1320,0.6440176419169268,-5.332358083072032
1321,0.6417975731657496,-7.552426834249598
1322,0.6403653511516696,-8.98464884832867
1323,0.6422181029804064,-7.131897019591308
1324,0.6456573752898616,-3.6926247101391954
1325,0.6557632924949777,6.413292494973418
1326,0.6512108140186095,1.8608140186072148
1327,0.6356588326251443,-13.691167374854203
1328,0.6492650424050966,-0.08495759490669597
1329,0.6651603612316074,15.810361231606379
1330,0.6443139606955087,-5.036039304496419
1331,0.6450503087586065,-4.299691241397581
1332,0.651317820386686,1.9678203866804163
1333,0.6447215115322003,-4.628488467803566
1334,0.6565427767047511,7.192776704755349
1335,0.662460991051244,13.110991051243003
1336,0.6463248074571728,-3.0251925428257374
1337,0.6421068461757221,-7.243153824274123
1338,0.6503266635854881,0.9766635854919365
1339,0.6474702590359943,-1.8797409640008027
1340,0.6617473554858201,12.397355485820066
1341,0.6425524422965849,-6.797557703418693
1342,0.6427002150244467,-6.6497849755521194
1343,0.6615300176486639,12.180017648662716
1344,0.6497024668887749,0.3524668887747784
1345,0.6455558471154125,-3.7941528845879726
1346,0.6450054572147873,-4.344542785212819
1347,0.6472357031558023,-2.11429684419748
1348,0.6513152573287548,1.9652573287549853
1349,0.6473039906366796,-2.046009363322954
1350,0.6480668037651237,-1.2831962348783015
1351,0.6423610541481427,-6.988945851862408
1352,0.6557972040285249,6.447204028523561
1353,0.6477187220341174,-1.6312779658827745
1354,0.6565214255462428,7.171425546240635
1355,0.6510998142945059,1.7498142945045005
1356,0.639232096309478,-10.117903690522745
1357,0.6532454307674125,3.895430767418999
1358,0.6493787955012064,0.028795501201865026
1359,0.6480469115541573,-1.3030884458357646
1360,0.6603365555662293,10.986555566226818
1361,0.6421018178783051,-7.248182121695461
1362,0.6547439512453934,5.393951245394393
1363,0.6500592175351743,0.7092175351779841
1364,0.6551251486926294,5.77514869262437
1365,0.6567926689224924,7.44266892249718
1366,0.6495810898763097,0.23108987631553607
1367,0.6333490652010301,-16.00093479897245
1368,0.6524253414738335,3.0753414738328937
1369,0.6618410852131003,12.491085213099394
1370,0.6493377526268233,-0.012247373175174991
1371,0.634517041880466,-14.832958119537103
1372,0.6385748621866405,-10.775137813361548
1373,0.6425737471557865,-6.776252844216174
1374,0.66364288655445,14.29288655444877
1375,0.6506058489214017,1.255848921404625
1376,0.6429280502604587,-6.421949739540336
1377,0.6598115401153406,10.46154011533732
1378,0.6501523597711422,0.8023597711377872
1379,0.6461235383028024,-3.22646169719621
1380,0.6466888350356981,-2.6611649642989463
1381,0.6672186338344513,17.86863383445388
1382,0.6635452664019246,14.195266401929295
1383,0.6364770504009625,-12.87294959903536
1384,0.6438967469182836,-5.453253081712856
1385,0.6589055213319563,9.555521331957852
1386,0.6440789490367088,-5.271050963293527
1387,0.6418964740564148,-7.453525943582397
1388,0.652371757288011,3.0217572880145886
1389,0.6455303864198155,-3.819613580186894
1390,0.6424361447086298,-6.913855291367927
1391,0.6585933809459682,9.243380945969825
1392,0.6520249882445635,2.674988244562422
1393,0.6553697140465531,6.019714046553794
1394,0.6461855340679455,-3.1644659320517423
1395,0.6523938587917162,3.0438587917209086
1396,0.6356799070882223,-13.670092911772915
1397,0.6376124679415001,-11.737532058502156
1398,0.6491125738589536,-0.23742614104834847
1399,0.6469443619806109,-2.4056380193868425
1400,0.6507426506073316,1.3926506073334295
1401,0.667284706630948,17.934706630947336
1402,0.6429605521318374,-6.3894478681629225
1403,0.6403561671127274,-8.993832887271306
1404,0.6558954230446388,6.545423044647227
1405,0.6496730539043758,0.3230539043712618
1406,0.651125316162008,1.7753161620045068
1407,0.6385966154571036,-10.753384542893963
1408,0.6588115655855239,9.461565585527227
1409,0.6609140688344768,11.56406883447774
1410,0.6345299186329092,-14.820081367088212
1411,0.6618080683576204,12.458068357622576
1412,0.6468427317974096,-2.5072682025901307
1413,0.6575161842103293,8.16618421032933
1414,0.6528317004876208,3.4817004876242716
1415,0.6535506904840369,4.200690484033235
1416,0.6531848057594263,3.8348057594239244
1417,0.6363336931869806,-13.016306813015547
1418,0.6605319535931228,11.181953593122723
1419,0.6412457404780264,-8.10425952197227
1420,0.6489096491432084,-0.4403508567904938
1421,0.6366229359910022,-12.727064008993771
1422,0.6343570437450581,-14.99295625494378
1423,0.6502449009049127,0.8949009049139708
1424,0.6576394997355505,8.289499735548379
1425,0.6491232042830771,-0.22679571692705658
1426,0.661776981723717,12.426981723721681
1427,0.6362131304982266,-13.136869501775083
1428,0.6390694509216358,-10.280549078366587
1429,0.6470667648974594,-2.2832351025370503
1430,0.6449368277057544,-4.413172294242783
1431,0.6533207948268408,3.9707948268369635
1432,0.6508428138044233,1.4928138044248533
1433,0.6337502629165317,-15.599737083464982
1434,0.6443860341655069,-4.963965834487516
1435,0.656728767851314,7.37876785131276
1436,0.6598492288565202,10.499228856518512
1437,0.6509743867297932,1.6243867297867591
1438,0.6423063812606805,-7.043618739316934
1439,0.6534301687427626,4.080168742757798
1440,0.6569606986953651,7.610698695368608
1441,0.6505523993483138,1.2023993483163427
1442,0.651757572447877,2.4075724478747933
1443,0.6346380142701531,-14.711985729843917
1444,0.6574011799112663,8.05117991125565
1445,0.644260715349175,-5.0892846508214795
1446,0.6309410921613244,-18.408907838680538
1447,0.652558493175559,3.208493175559496
1448,0.644864859869116,-4.485140130881546
1449,0.6443311808829133,-5.018819117093326
1450,0.6583525351526043,9.002535152604082
1451,0.6382704267307481,-11.079573269256018
1452,0.6492412579409605,-0.10874205903661072
1453,0.6603758282484842,11.025828248491385
1454,0.6401415966634152,-9.208403336583968
1455,0.652183137034627,2.833137034631365
1456,0.631370018038559,-17.97998196143323
1457,0.6460824245169691,-3.2675754830333767
1458,0.6519642236885131,2.6142236885083885
1459,0.6539154208250348,4.5654208250379655
1460,0.654799372097381,5.449372097376778
1461,0.6483187208190666,-1.0312791809287538
1462,0.6513879849241517,2.0379849241545442
1463,0.6533664891103313,4.0164891103264235
1464,0.6478983718852088,-1.45162811479381
1465,0.6480515939767006,-1.2984060232983778
1466,0.6509476331293855,1.5976331293920314
1467,0.6411221925039684,-8.227807496027022
1468,0.6362740769771656,-13.075923022830786
1469,0.6453648642460826,-3.985135753921838
1470,0.6586950679232623,9.345067923271735
1471,0.6528959871882943,3.545987188300932
1472,0.6523275625416127,2.97756254161654
1473,0.643047061550159,-6.302938449842517
1474,0.6591817356221045,9.831735622106473
1475,0.6505553735895185,1.2053735895146502
1476,0.6513051205542085,1.9551205542085568
1477,0.6610115470918573,11.661547091861163
1478,0.6530072715626205,3.6572715626202372
1479,0.6562857638356123,6.935763835602313
1480,0.6543517082818486,5.0017082818477565
1481,0.6435718152680241,-5.778184731974869
1482,0.6558980820399176,6.548082039918671
1483,0.6510023155086816,1.6523155086845307
1484,0.6708588292524521,21.50882925244663
1485,0.6398808989391461,-9.469101060853111
1486,0.6495097907082178,0.1597907082163214
1487,0.6407549596279423,-8.595040372059609
1488,0.6416773783611964,-7.672621638805369
1489,0.6396928906793772,-9.657109320629395
1490,0.6533552341859505,4.005234185951625
1491,0.6449551108533289,-4.394889146667247
1492,0.643071508780473,-6.278491219525764
1493,0.6524402758623344,3.0902758623416404
1494,0.6509086017022137,1.5586017022178371
1495,0.6684564891477525,19.10648914775365
1496,0.6527602044831721,3.4102044831688385
1497,0.658308608192872,8.958608192869768
1498,0.644847828975415,-4.502171024581946
1499,0.658162712475006,8.812712475003972
1500,0.656815509868012,7.465509868015159
1501,0.6599249650582335,10.574965058239522
1502,0.6598618898670411,10.511889867038793
1503,0.6548706696134446,5.520669613442908
1504,0.6623758750694393,13.025875069442273
1505,0.633208769811649,-16.141230188348704
1506,0.6516437997603686,2.2937997603727123
1507,0.6465190946250495,-2.8309053749509077
1508,0.6473634459426318,-1.9865540573641995
1509,0.6535646828202636,4.214682820266214
1510,0.6552719260870179,5.921926087023436
1511,0.657888207677985,8.5382076779814
1512,0.6511754788349305,1.825478834925668
1513,0.6434813122053601,-5.868687794636299
1514,0.6535393193158038,4.189319315798729
1515,0.6529800189694006,3.6300189693931704
1516,0.6483011128126287,-1.0488871873695742
1517,0.6488306539992863,-0.5193460007184484
1518,0.6563427741113842,6.992774111386429
1519,0.6446549790375725,-4.695020962433131
1520,0.6622658116730727,12.915811673075256
1521,0.6591440789076357,9.794078907636539
1522,0.6517439675714668,2.3939675714630053
1523,0.6463685333973737,-2.9814666026276297
1524,0.6338103786838802,-15.539621316123482
1525,0.6489924638078197,-0.3575361921799728
1526,0.6582744117534459,8.924411753445513
1527,0.6515216388642759,2.171638864273898
1528,0.6516559341759824,2.305934175978799
1529,0.6355266048732333,-13.823395126762435
1530,0.6497837517439984,0.43375174400423133
1531,0.6516728356840488,2.32283568404936
1532,0.6499403313591356,0.5903313591381423
1533,0.6631049269289369,13.754926928941325
1534,0.6547742466129183,5.4242466129244935
1535,0.6473991356124432,-1.9508643875574392
1536,0.6498239454084103,0.47394540841071403
1537,0.6515227333530003,2.1727333530049218
1538,0.6508894373779818,1.5394373779843893
1539,0.6459470045419472,-3.4029954580527737
1540,0.6586743291162697,9.32432911627366
1541,0.6497638058234675,0.41380582346270933
1542,0.6391417872212434,-10.208212778754318
1543,0.6446029129766051,-4.747087023397919
1544,0.6607861962102036,11.436196210206697
1545,0.6482268858856993,-1.1231141142973513
1546,0.6510469875565175,1.6969875565175938
1547,0.6520366227638665,2.6866227638560773
1548,0.6528679602675932,3.517960267598357
1549,0.6565221755949802,7.17217559497661
1550,0.6406321233439288,-8.717876656074022
1551,0.6533712433395032,4.021243339503867
1552,0.6419771273965544,-7.372872603449444
1553,0.6586698898120231,9.31988981202702
1554,0.6613704624730683,12.020462473066269
1555,0.6458207833097808,-3.529216690225255
1556,0.6345213404557278,-14.828659544268206
1557,0.654326432378989,4.976432378980231
1558,0.6511098091198051,1.759809119807036
1559,0.6460975969596197,-3.2524030403783875
1560,0.6483702813455423,-0.9797186544548605
1561,0.6602165232561398,10.866523256146431
1562,0.6403664618436811,-8.98353815631939
1563,0.6647591092721701,15.409109272169804
1564,0.6689712569872723,19.621256987267426
1565,0.661961078033733,12.611078033730529
1566,0.650613830001737,1.2638300017319186
1567,0.6599186618713666,10.568661871365071
1568,0.656624800757798,7.274800757801336
1569,0.6510863860032834,1.7363860032798364
1570,0.6306730369476425,-18.67696305235556
1571,0.6337596325500804,-15.59036744992491
1572,0.6573247875717804,7.974787571789876
1573,0.6558118999859269,6.461899985922536
1574,0.6306647204455127,-18.685279554479585
1575,0.6489842360890746,-0.3657639109200054
1576,0.6378625113064995,-11.48748869350376
1577,0.6321068502194527,-17.243149780546958
1578,0.6543321030225031,4.982103022505059
1579,0.633931477191245,-15.418522808749826
1580,0.6561771870517773,6.827187051778804
1581,0.6593654039291409,10.015403929144178
1582,0.6509889005963311,1.6389005963334458
1583,0.6312633230561543,-18.086676943841454
1584,0.6542073402419838,4.85734024198391
1585,0.6519201799591388,2.570179959146131
1586,0.662543721823021,13.193721823015098
1587,0.6727642338750477,23.414233875042367
1588,0.6645059944374951,15.155994437493593
1589,0.642740492861303,-6.609507138696076
1590,0.6631288234193613,13.778823419359247
1591,0.6376411209956222,-11.708879004376296
1592,0.6452569531194149,-4.093046880588419
1593,0.6582950157760797,8.945015776073463
1594,0.643767279868302,-5.582720131695331
1595,0.652390726713918,3.0407267139134495
1596,0.6470910857474729,-2.258914252524289
1597,0.6470207043674273,-2.3292956325737446
1598,0.6565706810271511,7.220681027148794
1599,0.6587747313699599,9.424731369955909
1600,0.6538725298214801,4.522529821480239
1601,0.6467721712326789,-2.5778287673139357
1602,0.6485513243889329,-0.7986756110628886
1603,0.6470739346257761,-2.2760653742193337
1604,0.6538105067778007,4.460506777806136
1605,0.647113904423833,-2.2360955761664436
1606,0.6526631061334933,3.313106133490401
1607,0.6587887977785395,9.438797778539541
1608,0.649022361260128,-0.3276387398733652
1609,0.6549975429985019,5.6475429985031615
1610,0.6595866057303271,10.236605730320292
1611,0.6492693261716859,-0.08067382831096181
1612,0.6652484855440174,15.898485544015653
1613,0.644851748067389,-4.498251932613388
1614,0.6453009118363637,-4.049088163634445
1615,0.6509505054894305,1.600505489436717
1616,0.6502848855061136,0.9348855061149617
1617,0.6488650839852071,-0.4849160147912305
1618,0.6445960396597058,-4.753960340292357
1619,0.6507374276321237,1.387427632130278
1620,0.6510663394128224,1.7163394128159792
1621,0.6458216631496418,-3.5283368503585018
1622,0.6371692412105828,-12.180758789415133
1623,0.6501891414290243,0.8391414290272541
1624,0.6377121439927026,-11.637856007292344
1625,0.6492558075691022,-0.09419243089271323
1626,0.6420031974039503,-7.34680259604543
1627,0.6329044289765573,-16.44557102344142
1628,0.6528179839469941,3.4679839469974434
1629,0.6461107138087538,-3.239286191250415
1630,0.6595579757142831,10.207975714281497
1631,0.6541195339962668,4.769533996272348
1632,0.6511128403109399,1.7628403109399753
1633,0.6551752754835615,5.82527548355429
1634,0.6582679509492422,8.917950949244558
1635,0.6624563877173384,13.106387717345708
1636,0.6528097917186914,3.4597917186902656
1637,0.651732528110446,2.3825281104423284
1638,0.6482490330354576,-1.1009669645412843
1639,0.6431143350236954,-6.235664976297784
1640,0.6537364278452168,4.386427845216976
1641,0.664175121879453,14.82512187945199
1642,0.6522409342115078,2.89093421150628
1643,0.6610926747528201,11.742674752827178
1644,0.6398349586793558,-9.515041320645457
1645,0.6483412108399597,-1.0087891600444903
1646,0.6665675781027601,17.217578102753947
1647,0.6541108061997466,4.760806199742643
1648,0.628427235864471,-20.922764135528976
1649,0.6463792996394718,-2.9707003605182396
1650,0.6447072287070745,-4.642771292921005
1651,0.6473064524641677,-2.043547535829942
1652,0.6487341847236967,-0.6158152763031152
1653,0.6442334099853961,-5.116590014598564
1654,0.6637670278639598,14.41702786396113
1655,0.6409170734006165,-8.432926599384672
1656,0.6359157880653852,-13.434211934607562
1657,0.66439720523574,15.04720523574066
1658,0.6450860172289,-4.263982771099568
1659,0.6476979762403066,-1.6520237596900387
1660,0.6551021368208302,5.752136820829194
1661,0.6526735825299819,3.3235825299815955
1662,0.6435438816114635,-5.80611838853647
1663,0.6536677251975878,4.317725197594315
1664,0.6444718014285663,-4.878198571440558
1665,0.663406441322292,14.056441322290349
1666,0.6433911671146476,-5.958832885345944
1667,0.6531259752016848,3.7759752016819323
1668,0.6564995926518777,7.149592651885416
1669,0.6469553254559738,-2.3946745440243995
1670,0.6452150558715604,-4.134944128433642
1671,0.6643514120173983,15.001412017398534
1672,0.654663521134093,5.3135211340932225
1673,0.6358285007503021,-13.521499249695308
1674,0.6415109940545094,-7.839005945493664
1675,0.6396916094402137,-9.658390559783676
1676,0.6320015150677166,-17.348484932289097
1677,0.6437499035576277,-5.60009644237128
1678,0.6517357326021196,2.3857326021178706
1679,0.6525004558384654,3.1504558384665167
1680,0.6402667686401122,-9.08323135989105
1681,0.6434809306995709,-5.869069300430093
1682,0.6723114009280609,22.961400928055543
1683,0.6481293423589163,-1.2206576410860075
1684,0.6559366484898373,6.586648489836113
1685,0.6666890161798507,17.339016179854955
1686,0.6528028012173289,3.452801217330014
1687,0.6313106163492604,-18.039383650742355
1688,0.6493034199730323,-0.04658002696169461
1689,0.6587438968741371,9.393896874133679
1690,0.6502980267869317,0.948026786928051
1691,0.6526316720265635,3.281672026562476
1692,0.6520749116822656,2.724911682262369
1693,0.6556078374072792,6.257837407277264
1694,0.6434852473890638,-5.864752610933365
1695,0.6362933609594409,-13.056639040555055
1696,0.6421295180885586,-7.220481911432037
1697,0.6453218952364366,-4.02810476356299
1698,0.6361131260282769,-13.23687397172411
1699,0.6711921890831573,21.842189083160406
1700,0.6624379677252664,13.087967725272376
1701,0.659408006663613,10.058006663608749
1702,0.6557578731678638,6.407873167856805
1703,0.6356287307029577,-13.721269297043262
1704,0.6538638793484008,4.513879348397737
1705,0.6378929035542606,-11.457096445742788
1706,0.6554791973849925,6.129197384986246
1707,0.6648620711413386,15.512071141337245
1708,0.6456400861413392,-3.709913858661602
1709,0.6582394719325161,8.889471932519374
1710,0.6598614619876666,10.511461987668959
1711,0.6207749056231314,-28.5750943768648
1712,0.664093788999758,14.74378899975646
1713,0.6432835762178767,-6.066423782121632
1714,0.6468888996523074,-2.461100347691283
1715,0.655402237018172,6.0522370181658
1716,0.6327995248030172,-16.55047519698743
1717,0.6580621976987837,8.712197698781099
1718,0.6579526887746731,8.602688774673643
1719,0.6525959295512319,3.245929551234107
1720,0.6463918563142289,-2.9581436857692713
1721,0.6477295198249869,-1.620480175013832
1722,0.6547434617805022,5.393461780508181
1723,0.6474731040931472,-1.8768959068479463
1724,0.6683688895437366,19.018889543739533
1725,0.6437969600940949,-5.553039905905209
1726,0.659192330996483,9.84233099647878
1727,0.6542351016080596,4.885101608053026
1728,0.6500022114045932,0.6522114045865907
1729,0.664604059987928,15.254059987924636
1730,0.6547636470323684,5.413647032378896
1731,0.6446745826485824,-4.675417351415043
1732,0.6530463423248617,3.696342324861629
1733,0.6493449249766196,-0.005075023380759047
1734,0.6502219147120373,0.8719147120351359
1735,0.6516082055385372,2.2582055385358983
1736,0.647224684187673,-2.1253158123305798
1737,0.6501906113962778,0.8406113962784549
1738,0.655962434827871,6.612434827870373
1739,0.6541521254669773,4.802125466978086
1740,0.6532071782535988,3.8571782535976173
1741,0.6515718980708382,2.221898070846767
1742,0.654236062005816,4.886062005811814
1743,0.6547309112089646,5.380911208958898
1744,0.6410842449485208,-8.265755051478369
1745,0.6454765650159082,-3.8734349840947737
1746,0.6492854794580192,-0.06452054197583201
1747,0.6565708294707547,7.220829470752336
1748,0.6560114727607156,6.661472760722107
1749,0.6408135752881636,-8.5364247118307
1750,0.632282368423071,-17.067631576925088
1751,0.6527472664388375,3.3972664388350804
1752,0.6610063255834664,11.656325583470089
1753,0.631345354352633,-18.004645647366818
1754,0.6512108850835615,1.8608850835626747
1755,0.6493032951346484,-0.04670486535353102
1756,0.6446610836667145,-4.688916333287596
1757,0.6561619041108832,6.8119041108816285
1758,0.6498421248775169,0.49212487751768436
1759,0.6316930804318751,-17.65691956812489
1760,0.6527866563380619,3.4366563380629778
1761,0.6466465479743913,-2.7034520256117416
1762,0.6417064308850082,-7.643569114988923
1763,0.6474865164911814,-1.8634835088155932
1764,0.6432651824726888,-6.084817527307965
1765,0.6484382325171847,-0.9117674828141059
1766,0.6344160699329499,-14.933930067052499
1767,0.6553047789386679,5.9547789386664824
1768,0.6470574521896091,-2.2925478103950003
1769,0.6565157761135978,7.165776113594915
1770,0.6704621451801458,21.112145180145042
1771,0.6442168127935122,-5.133187206489824
1772,0.6581771895597631,8.827189559765612
1773,0.6658747016061431,16.524701606142504
1774,0.6420793826104646,-7.270617389534616
1775,0.6464669934310888,-2.883006568909385
1776,0.6540205340975614,4.670534097561119
1777,0.6580255701059957,8.675570105989769
1778,0.6559983774583503,6.648377458349828
1779,0.6381637268006752,-11.186273199322262
1780,0.6382703440535162,-11.079655946481019
1781,0.6392818494395144,-10.068150560489748
1782,0.6341514550423698,-15.19854495762949
1783,0.6442480012790903,-5.101998720907045
1784,0.6559755454882814,6.625545488287033
1785,0.6602328453850805,10.882845385078515
1786,0.6532135309870787,3.8635309870788084
1787,0.6650709926903895,15.720992690389682
1788,0.6319788296461721,-17.371170353828806
1789,0.6399012189883001,-9.448781011703662
1790,0.6498898184548634,0.5398184548609444
1791,0.6553560288280801,6.006028828073885
1792,0.6467890549827606,-2.5609450172362607
1793,0.6453460905354395,-4.003909464559904
1794,0.649628526820274,0.27852682026986997
1795,0.6451588241167443,-4.191175883252035
1796,0.6425873102956748,-6.762689704324274
1797,0.6495948823360584,0.2448823360586358
1798,0.6370095758018365,-12.340424198169439
1799,0.6510824464613707,1.7324464613703996
1800,0.6552319677499019,5.881967749901457
1801,0.6626024504006799,13.252450400676127
1802,0.649923078414657,0.573078414652632
1803,0.6647776779853756,15.427677985380177
1804,0.6378407348129229,-11.509265187073828
1805,0.6430274608205525,-6.322539179447661
1806,0.6640942622979931,14.744262297993338
1807,0.6661463527830089,16.79635278300695
1808,0.6542883245918097,4.938324591815484
1809,0.6566524867444263,7.302486744426904
1810,0.6532399286562302,3.8899286562302366
1811,0.6334629688481846,-15.887031151811557
1812,0.6471639336503291,-2.186066349678357
1813,0.6521637681468883,2.813768146886202
1814,0.6394473686576062,-9.902631342398692
1815,0.6600956242667412,10.745624266745587
1816,0.657142390257542,7.792390257535113
1817,0.6541293883316963,4.779388331696335
1818,0.653662918570201,4.312918570205106
1819,0.646020080335139,-3.329919664862856
1820,0.6607147759034693,11.364775903465365
1821,0.6642898839917925,14.939883991795007
1822,0.6410683507106086,-8.281649289392549
1823,0.6467642489443786,-2.5857510556159014
1824,0.6565631501103709,7.213150110374151
1825,0.6537152785407588,4.3652785407584025
1826,0.6615867904280929,12.236790428088021
1827,0.6431902552638173,-6.159744736185251
1828,0.6488528417234289,-0.4971582765671113
1829,0.6619526629514482,12.602662951453729
1830,0.6408767670077937,-8.47323299220637
1831,0.6475724577741513,-1.77754222584357
1832,0.6462387778495347,-3.1112221504654114
1833,0.6466028094943016,-2.747190505698632
1834,0.6530365457565807,3.6865457565797324
1835,0.6584165610193463,9.066561019350532
1836,0.6472456885352139,-2.104311464782601
1837,0.6456304802236048,-3.7195197763899945
1838,0.6456281129366797,-3.721887063316236
1839,0.6527978667002116,3.4478667002092718
1840,0.6488173723165488,-0.5326276834545335
1841,0.6546192730501018,5.269273050108481
1842,0.6532140117922434,3.864011792245058
1843,0.6548322471264795,5.48224712648376
1844,0.6477035584475259,-1.6464415524732225
1845,0.6472009375485045,-2.1490624514920698
1846,0.6629975256389156,13.647525638912052
1847,0.6556650790105075,6.31507901050764
1848,0.6421287996366823,-7.221200363314212
1849,0.647127621861833,-2.222378138170512
1850,0.6691518621890438,19.80186218904478
1851,0.6353534274523349,-13.996572547668709
1852,0.6480336049612468,-1.3163950387535417
1853,0.6449264268681448,-4.423573131852927
1854,0.6563365955438556,6.986595543860683
1855,0.6566424118844179,7.292411884414333
1856,0.6427233576702057,-6.626642329799917
1857,0.6611996888044652,11.849688804464632
1858,0.6559573358840233,6.607335884018856
1859,0.6469231722405046,-2.4268277594984036
1860,0.6619998876868519,12.649887686846867
1861,0.6579350278514958,8.585027851494248
1862,0.6510705234899593,1.7205234899624258
1863,0.6513826776974718,2.03267769746938
1864,0.6649290141326175,15.579014132623325
1865,0.6559399053826231,6.589905382622905
1866,0.6586423182823804,9.292318282377806
1867,0.6517277245199069,2.3777245199135177
1868,0.6479533271858827,-1.3966728141217426
1869,0.6414723839137828,-7.877616086217538
1870,0.6421173862985462,-7.232613701457947
1871,0.6534770471514926,4.127047151492706
1872,0.6524538040918291,3.1038040918279823
1873,0.653346062930429,3.9960629304230517
1874,0.6551567814084045,5.806781408403867
1875,0.6423048691892979,-7.045130810704937
1876,0.6456072175919874,-3.742782408010704
1877,0.6424839988217856,-6.866001178217932
1878,0.6476874019218218,-1.662598078179986
1879,0.6563947176526784,7.04471765268266
1880,0.6480797339795104,-1.2702660204886804
1881,0.6294913602132812,-19.858639786717188
1882,0.6622527854593122,12.90278545930983
1883,0.6626510904513433,13.301090451342262
1884,0.6602674510717743,10.917451071770111
1885,0.6503746537580135,1.0246537580075337
1886,0.6526651343296243,3.315134329623963
1887,0.6448939187060501,-4.456081293952958
1888,0.6609061222479373,11.556122247938408
1889,0.6489184303095545,-0.4315696904423133
1890,0.657043125187853,7.693125187845288
1891,0.6578838544269514,8.533854426950187
1892,0.6503337026014768,0.9837026014718078
1893,0.6586418659566314,9.291865956633625
1894,0.6491418851767479,-0.20811482325516517
1895,0.6290812289836161,-20.268771016385834
1896,0.6488392012635115,-0.5107987364875749
1897,0.6575072535467203,8.157253546722924
1898,0.6646990417798327,15.349041779827017
1899,0.6491050257922303,-0.24497420777052847
1900,0.6436903176285582,-5.659682371449691
1901,0.6625681588980924,13.218158898088321
1902,0.6579271771686293,8.577177168629577
1903,0.658663281849083,9.313281849084849
1904,0.6467019360255494,-2.648063974456345
1905,0.6414400770194899,-7.909922980513159
1906,0.6508381958420373,1.4881958420431172
1907,0.6429609852882906,-6.389014711713444
1908,0.6563866259584606,7.036625958464931
1909,0.6478081640076537,-1.5418359923426128
1910,0.6500897517875203,0.7397517875185765
1911,0.6426017395596337,-6.7482604403641435
1912,0.6410981530865958,-8.251846913406315
1913,0.6544560188417485,5.106018841749084
1914,0.6588999636128465,9.549963612844977
1915,0.6453998726039938,-3.950127396010871
1916,0.6470514550800385,-2.2985449199583714
1917,0.6495439339775894,0.19393397759262765
1918,0.6385986030675345,-10.751396932467246
1919,0.6625935486658432,13.24354866584764
1920,0.6533908376732035,4.040837673202428
1921,0.6484552571779238,-0.8947428220758721
1922,0.6484131451823321,-0.9368548176710182
1923,0.6446097807771062,-4.740219222895862
1924,0.6678415047524329,18.491504752429634
1925,0.6279929856224595,-21.357014377537734
1926,0.6498185897633739,0.46858976338122327
1927,0.6563336872247932,6.98368722478908
1928,0.6638084005929055,14.458400592904255
1929,0.643364561057623,-5.98543894237419
1930,0.6513449383749544,1.9949383749501663
1931,0.6453547546226207,-3.9952453773774175
1932,0.6322037226997912,-17.146277300207217
1933,0.6432618693577864,-6.088130642210733
1934,0.6498602142992321,0.510214299228048
1935,0.6523031568516678,2.953156851662933
1936,0.633257473218856,-16.092526781150553
1937,0.6403841398171819,-8.9658601828141
1938,0.6441770337214088,-5.172966278599703
1939,0.6555155764833062,6.165576483303065
1940,0.6368700728580611,-12.479927141942968
1941,0.6434300488368668,-5.919951163128828
1942,0.6356691942964294,-13.68080570356944
1943,0.643058777193344,-6.291222806661369
1944,0.6430420586492277,-6.307941350772478
1945,0.6588837649156867,9.533764915680955
1946,0.6439367856723939,-5.413214327601841
1947,0.652596014023703,3.2460140237067003
1948,0.6544805085354927,5.130508535493579
1949,0.6487222506104964,-0.6277493895024363
1950,0.6463533349906657,-2.996665009331383
1951,0.6568035041023893,7.453504102382195
1952,0.6458404631484398,-3.50953685155987
1953,0.6496766687813712,0.3266687813757412
1954,0.6392465182489486,-10.103481751050197
1955,0.655959571426184,6.609571426186909
1956,0.6577201679299949,8.370167929993048
1957,0.6576320395961263,8.282039596127092
1958,0.6563135321347876,6.963532134785793
1959,0.6466661538342546,-2.6838461657382697
1960,0.647516578741611,-1.8334212583903593
1961,0.6332852908204214,-16.06470917957914
1962,0.6745731168804159,25.22311688041319
1963,0.6445582752537038,-4.791724746296434
1964,0.6487974375205042,-0.5525624795032079
1965,0.6461838486433509,-3.166151356637207
1966,0.6351973375052822,-14.152662494721255
1967,0.6727055474087593,23.355547408757428
1968,0.6588264232640664,9.476423264068792
1969,0.6430954149094191,-6.254585090590859
1970,0.6269685602853639,-22.381439714640557
1971,0.6421438119473183,-7.206188052680907
1972,0.6452527794168463,-4.097220583152682
1973,0.655437486350092,6.087486350091174
1974,0.6426644762780234,-6.685523721978518
1975,0.6569435363563263,7.593536356329447
1976,0.6583560072811655,9.006007281168616
1977,0.644971047701724,-4.378952298273421
1978,0.6468257227029024,-2.524277297096317
1979,0.6579359878301289,8.585987830127912
1980,0.6537030194523112,4.35301945231267
1981,0.6514493395521511,2.09933955215447
1982,0.6534690255673027,4.119025567301575
1983,0.6397649429443589,-9.585057055637757
1984,0.660364026198658,11.014026198656563
1985,0.6422112343112987,-7.138765688695922
1986,0.6490340716125081,-0.315928387492619
1987,0.6596817789394345,10.331778939433272
1988,0.657811166409336,8.461166409340155
1989,0.6538372445544396,4.4872445544419435
1990,0.656494337212936,7.144337212938187
1991,0.637673973924544,-11.676026075457672
1992,0.6454855847864379,-3.8644152135671503
1993,0.6479019961076979,-1.44800389229682
1994,0.6470694668961305,-2.280533103872398
1995,0.6548759635417886,5.525963541795461
1996,0.6611799913940939,11.829991394093803
1997,0.6551156926693246,5.765692669325345
1998,0.6459731295588959,-3.376870441102683
1999,0.6426877027706441,-6.662297229361532
