wavelength_um,endmember_A,endmember_B,weak_B,observed,weak_observed,fit
1.0,0.48378170058914055,0.5,0.4837979188885514,0.48770518984956013,0.47833816639645743,0.4892906669152237
1.0083798882681565,0.4692400004647497,0.5,0.4692707604642849,0.4874388569564684,0.46561137040979633,0.47968843265466
1.0167597765363128,0.4536427937312807,0.5,0.4536891509375494,0.4748434611072424,0.45730924573729903,0.46938922199950395
1.0251396648044693,0.43752870406276867,0.5,0.4375911753587059,0.45659216841168243,0.4407774973654354,0.45874870111341787
1.0335195530726258,0.4215693128445015,0.5,0.421647743531657,0.44109979715095754,0.42755673134061345,0.4482103313338936
1.041899441340782,0.4065285390813346,0.5,0.4066220105422532,0.4451972901013678,0.40223759258705777,0.43827854674896577
1.0502793296089385,0.3932051325057955,0.5,0.3933119273732897,0.4240174803137931,0.3995722229719465,0.42948078101368725
1.058659217877095,0.3823638138578734,0.5,0.3824814500440155,0.4162498670491862,0.38258277586220096,0.42232199762107986
1.0670391061452513,0.37466310620944854,0.5,0.3747884431032391,0.3969851165826175,0.37388709436880235,0.4172370351902934
1.0754189944134078,0.3705892537326663,0.5,0.37071866447893365,0.4168311301575521,0.382759407179064,0.41454697244037964
1.0837988826815643,0.3704054289309185,0.5,0.3705350235019876,0.40849648619328527,0.3670452857579826,0.4144255885035507
1.0921787709497206,0.3741236016488527,0.5,0.3742494780472039,0.41335956663454165,0.3703427729251843,0.41688078735605333
1.100558659217877,0.3815032494335334,0.5,0.3816217461840999,0.42341588527164326,0.3726363277092231,0.42175374623863254
1.1089385474860336,0.3920771023706267,0.5,0.3921850252682561,0.43764690288154273,0.3879558936448475,0.42873591559092294
1.1173184357541899,0.4052000921545955,0.5,0.4052948920624409,0.43472511222265636,0.3948500098211739,0.43740134129952324
1.1256983240223464,0.4201143792210415,0.5,0.4201942648418205,0.45356475229545196,0.4197694280431703,0.4472496036771184
1.1340782122905029,0.4360213599699592,0.5,0.43608533860998927,0.45638674498725706,0.43668250799637376,0.45775336556347374
1.1424581005586592,0.45215120660976965,0.5,0.45219905540315986,0.48899751179750617,0.4565784484798314,0.4684042911565989
1.1508379888268156,0.46782171268326245,0.5,0.46785389097057917,0.47724916973938175,0.4651566170026974,0.47875190312852206
1.1592178770949721,0.48248064193889684,0.5,0.48249816129695794,0.4964210388053162,0.4786252184635643,0.48843154660332716
1.1675977653631284,0.4957288366981967,0.5,0.4957331078614985,0.4879197837388348,0.5029456528389091,0.49717964816780624
1.175977653631285,0.5073244070162516,0.5,0.5073170826092354,0.4889314016028533,0.5082690739834463,0.5048364820748709
1.1843575418994414,0.5171708524777587,0.5,0.517153681625281,0.5117767318664757,0.5140250571536149,0.5113383267798562
1.1927374301675977,0.5252936121954837,0.5,0.5252683185832882,0.5222025495363635,0.5189672504265116,0.5167019803406281
1.2011173184357542,0.5318101754518298,0.5,0.531778365276378,0.507215848256652,0.5430017220921403,0.5210050237554942
1.2094972067039107,0.5368986100403027,0.5,0.5368617114302624,0.5213949387956198,0.5386004728254745,0.5243650394703085
1.217877094972067,0.5407684241065204,0.5,0.5407276556824139,0.5399896741300979,0.5483177199589502,0.5269203707514372
1.2262569832402235,0.5436363846204597,0.5,0.5435927482358393,0.5386873493154066,0.530045594456775,0.5288141540415148
1.23463687150838,0.5457085741927749,0.5,0.5456628656185821,0.5232470007892801,0.547804159341184,0.5301824706438008
1.2430167597765363,0.5471688107420205,0.5,0.5471216419312784,0.5443982201798566,0.5441180370455339,0.5311466999499859
1.2513966480446927,0.5481727170473277,0.5,0.5481245443302803,0.5224991224285443,0.536263401188003,0.531809603423222
1.2597765363128492,0.548846248414799,0.5,0.5487974021663842,0.5316815594299014,0.5383313630447688,0.5322543523808387
1.2681564245810055,0.5492873300838547,0.5,0.5492380427537709,0.5422933513360421,0.553211687874986,0.5325456092131267
1.276536312849162,0.5495693403833884,0.5,0.5495197710430051,0.5197930936027914,0.5399426625126439,0.5327318273951034
1.2849162011173183,0.5497454052288081,0.5,0.5496956598235793,0.548038008878168,0.5653305246121051,0.5328480872461736
1.2932960893854748,0.5498527570811779,0.5,0.5498029043240967,0.5251622878884689,0.5649425505132374,0.5329189742556666
1.3016759776536313,0.5499166915674294,0.5,0.549866774875862,0.5188377616258604,0.5413800144386538,0.5329611917343013
1.3100558659217878,0.5499538880894909,0.5,0.5499039342014014,0.5416081578637592,0.5453011483505196,0.5329857534922429
1.318435754189944,0.5499750306707181,0.5,0.5499250556400473,0.5307463820712791,0.5417691434372235,0.5329997144470198
1.3268156424581006,0.5499867727292139,0.5,0.5499367859564848,0.5242087702631577,0.5420294990828611,0.5330074680105931
1.3351955307262569,0.5499931450669161,0.5,0.5499431519218492,0.5352552581459417,0.5494656913430197,0.5330116758184065
1.3435754189944134,0.5499965245919528,0.5,0.5499465280673609,0.5357017043477296,0.5431391857690403,0.533013907400052
1.3519553072625698,0.5499982762352613,0.5,0.549948277959026,0.5266275133272629,0.5388383778092484,0.5330150640522484
1.3603351955307263,0.5499991635888953,0.5,0.5499491644253064,0.5407267573191972,0.5429665983785241,0.5330156499931902
1.3687150837988826,0.5499996029628039,0.5,0.5499496033598411,0.5141962598324482,0.5400289911302709,0.5330159401223472
1.3770949720670391,0.5499998156206806,0.5,0.5499498158050599,0.5303158238312942,0.5691625133602499,0.5330160805454567
1.3854748603351954,0.5499999162349547,0.5,0.5499499163187197,0.5142254729296567,0.5584690851443641,0.5330161469834813
1.393854748603352,0.5499999627708556,0.5,0.5499499628080847,0.53278475640799,0.5555046153262194,0.5330161777122557
1.4022346368715084,0.5499999838127568,0.5,0.5499499838289441,0.5454305011628107,0.5306452875468382,0.5330161916067291
1.410614525139665,0.5499999931145497,0.5,0.5499499931214352,0.524371723416756,0.5449296907194447,0.5330161977489265
1.4189944134078212,0.549999997134757,0.5,0.5499499971376223,0.5262212224231154,0.5556104263849895,0.5330162004035661
1.4273743016759777,0.5499999988335652,0.5,0.5499499988347316,0.530105760565155,0.5571061014587714,0.5330162015253299
1.435754189944134,0.5499999995354516,0.5,0.5499499995359162,0.5320265676541297,0.5503380880127345,0.5330162019888025
1.4441340782122905,0.5499999998189985,0.5,0.5499499998191795,0.5182233177813745,0.5547826814548288,0.5330162021760353
1.452513966480447,0.5499999999309966,0.5,0.5499499999310655,0.5399129732625646,0.546060429606666,0.5330162022499902
1.4608938547486034,0.5499999999742403,0.5,0.5499499999742661,0.5364860161645617,0.5562296963391126,0.5330162022785452
1.4692737430167597,0.5499999999905373,0.5,0.5499499999905467,0.5398800801103999,0.5482772967007569,0.5330162022893065
1.4776536312849162,0.5499999999964763,0.5,0.5499499999964799,0.5360516314897111,0.5411827079025776,0.5330162022932281
1.4860335195530725,0.549999999998447,0.5,0.5499499999984485,0.5387683959799,0.5618943890560386,0.5330162022945294
1.494413407821229,0.5499999999987671,0.5,0.5499499999987684,0.5395724493985917,0.5515075582447603,0.5330162022947409
1.5027932960893855,0.5499999999980775,0.5,0.5499499999980794,0.5164650280601553,0.5527297746195092,0.5330162022942855
1.511173184357542,0.5499999999961608,0.5,0.5499499999961647,0.5237012766471626,0.5412815668910155,0.5330162022930198
1.5195530726256983,0.5499999999920263,0.5,0.5499499999920343,0.5289646331831667,0.5686232887625489,0.5330162022902897
1.5279329608938548,0.5499999999834965,0.5,0.549949999983513,0.5386033609259675,0.550268038106771,0.5330162022846572
1.536312849162011,0.5499999999661931,0.5,0.5499499999662268,0.5271406401699688,0.550960732933086,0.5330162022732314
1.5446927374301676,0.5499999999315338,0.5,0.5499499999316023,0.5361602619288593,0.551861715930665,0.5330162022503451
1.553072625698324,0.5499999998629378,0.5,0.5499499998630748,0.5227001640467984,0.5425055975717181,0.5330162022050494
1.5614525139664805,0.5499999997287807,0.5,0.5499499997290519,0.5349627967183926,0.5522393076996713,0.5330162021164623
1.5698324022346368,0.549999999469503,0.5,0.5499499994700334,0.5298492874697992,0.5467920297189549,0.5330162019452549
1.5782122905027933,0.5499999989743379,0.5,0.5499499989753636,0.5418853499469704,0.5482606410954641,0.5330162016182856
1.5865921787709496,0.5499999980398704,0.5,0.5499499980418305,0.5345524134908365,0.5570640551423092,0.5330162010012343
1.594972067039106,0.5499999962972499,0.5,0.5499499963009526,0.5296500766925625,0.5503578731861989,0.53301619985054
1.6033519553072626,0.5499999930860994,0.5,0.5499499930930133,0.5451833585873163,0.5409107760754949,0.5330161977301401
1.611731843575419,0.5499999872391087,0.5,0.5499499872518696,0.517481183729337,0.5362349689072264,0.5330161938692315
1.6201117318435754,0.549999976719194,0.5,0.5499499767424748,0.5317677767367078,0.5613133665744696,0.5330161869226788
1.6284916201117319,0.5499999580169345,0.5,0.5499499580589176,0.5187267158550827,0.5484129122028959,0.5330161745731272
1.6368715083798882,0.5499999251641987,0.5,0.5499499252390345,0.5191670583124419,0.5559444213537557,0.5330161528796759
1.6452513966480447,0.549999868142812,0.5,0.5499498682746692,0.5246738427425867,0.5531642042292453,0.533016115227083
1.6536312849162011,0.5499997703548182,0.5,0.5499497705844634,0.5326483868809981,0.5451752307555779,0.5330160506553193
1.6620111731843576,0.5499996046606926,0.5,0.549949605056032,0.5372221859669523,0.5496511126001632,0.533015941243504
1.670391061452514,0.549999327268463,0.5,0.5499493279411946,0.5243625651568931,0.5343619171937023,0.5330157580747446
1.6787709497206704,0.5499988684527095,0.5,0.5499488695842568,0.5202714824028676,0.5591198680139573,0.5330154551076699
1.6871508379888267,0.5499981186796128,0.5,0.5499481205609332,0.5251202212112975,0.54318085676161,0.5330149600144651
1.6955307262569832,0.5499969081960633,0.5,0.5499469112878672,0.5506167354441793,0.5400870914670011,0.5330141607030703
1.7039106145251397,0.54999497749635,0.5,0.5499449825188536,0.5398633670457378,0.5534120527804965,0.5330128858156241
1.7122905027932962,0.5499919353094552,0.5,0.5499419433741458,0.5292067410660645,0.54163260743813,0.5330108769864654
1.7206703910614525,0.5499871998728094,0.5,0.5499372126729366,0.5198624594969574,0.5501492682504942,0.5330077500637802
1.729050279329609,0.549979918322237,0.5,0.5499299384039148,0.5380267020439863,0.5562084351518747,0.5330029418808457
1.7374301675977653,0.549968858119487,0.5,0.5499188892613676,0.5289492846472184,0.5426823165051562,0.5329956385630172
1.7458100558659218,0.5499522636943774,0.5,0.549902311430683,0.5265297838619362,0.5481873521889747,0.5329846808650893
1.7541899441340782,0.5499276710920773,0.5,0.5498777434209852,0.5332584577185122,0.5665065799192128,0.532968441778439
1.7625698324022347,0.5498916736421459,0.5,0.5498417819685038,0.5289213745071458,0.5544711408006651,0.5329446717966578
1.770949720670391,0.5498396328147815,0.5,0.5497897931819667,0.5315684507279985,0.5544716312973642,0.5329103079869801
1.7793296089385475,0.5497653308487209,0.5,0.5497155655178722,0.5362646968942101,0.5435909275097061,0.5328612446121318
1.7877094972067038,0.5496605657749261,0.5,0.5496109052091511,0.5404190526604378,0.5465212598916563,0.5327920657147334
1.7960893854748603,0.5495146954215127,0.5,0.5494651807260912,0.5458759100490551,0.5439666224770754,0.532695744012789
1.8044692737430168,0.5493141450484698,0.5,0.5492648309034213,0.5331297590850274,0.5543071127263648,0.5325633157790524
1.8128491620111733,0.5490419033991277,0.5,0.5489928614957286,0.5190022113818131,0.5481184775931319,0.5323835480716932
1.8212290502793296,0.5486770438436848,0.5,0.5486283667998411,0.5291127866481289,0.5424059369799636,0.5321426225338539
1.8296089385474859,0.5481943202191619,0.5,0.5481461258989427,0.5269176127017319,0.5306544600492407,0.531823868517052
1.8379888268156424,0.5475638997872824,0.5,0.547516335887495,0.5490009175401421,0.5565644391970201,0.5314075867468484
1.8463687150837989,0.5467513068286106,0.5,0.546704555521782,0.5242617650043451,0.5525116759943685,0.5308710120766993
1.8547486033519553,0.5457176577602431,0.5,0.5456719401024828,0.5344937928056499,0.5444132002021411,0.5301884687418226
1.8631284916201118,0.5444202700415207,0.5,0.5443758497714792,0.5296180269993519,0.5481415366756484,0.5293317724342805
1.8715083798882681,0.542813720235153,0.5,0.5427709065149178,0.5330817433146449,0.5508831280367816,0.528270928966182
1.8798882681564244,0.5408514094449594,0.5,0.5408105580355144,0.5137302557863587,0.5543752061974806,0.5269751679658664
1.888268156424581,0.53848766567889,0.5,0.538449178013211,0.5285925780272127,0.5348506867664973,0.5254143311187583
1.8966480446927374,0.5356803723159267,0.5,0.5356446919436108,0.5192652210118144,0.5462000616469797,0.523560607807267
1.905027932960894,0.5323940610867536,0.5,0.5323616670256668,0.5210400440809412,0.5364130779922146,0.5213905774802964
1.9134078212290504,0.5286033498237408,0.5,0.5285747464739171,0.5143036725571573,0.5243761196482611,0.518887479682223
1.9217877094972067,0.5242965444717854,0.5,0.5242722479273136,0.5159214554992609,0.5281224737124249,0.5160435925472683
1.930167597765363,0.5194791678078975,0.5,0.5194596886400896,0.5258909996338451,0.518086976563434,0.5128625628978921
1.9385474860335195,0.5141771313788258,0.5,0.514162954247447,0.5191740948418208,0.5123744541841098,0.5093615007514795
1.946927374301676,0.5084392399921533,0.5,0.5084308007521612,0.5183438503769038,0.5045975373416921,0.5055726330960335
1.9553072625698324,0.5023387166240855,0.5,0.5023363779074613,0.4901216547138921,0.4821340192964127,0.5015443108234556
1.963687150837989,0.4959734649491812,0.5,0.49597749148423204,0.5040852201165175,0.4953222401386008,0.4973411820842405
1.9720670391061452,0.4894648490933591,0.5,0.48947538424426573,0.49854151030520283,0.49510330881887027,0.4930433865290429
1.9804469273743015,0.48295486421197387,0.5,0.4829719093477619,0.4855075577246325,0.49201114426790804,0.48874468697334655
1.988826815642458,0.47660169154716364,0.5,0.47662508985561647,0.48838140807485597,0.47326668764549107,0.48454953429494724
1.9972067039106145,0.4705737681901455,0.5,0.47060319442195536,0.47904855570613214,0.4697238001385128,0.48056915155539903
2.005586592178771,0.46504264207106016,0.5,0.46507759942898913,0.47011913713556724,0.46074564481361574,0.47691681597800006
2.0139664804469275,0.46017501195355903,0.5,0.4602148369416055,0.4740998143670438,0.4581658553500785,0.47370260276481296
2.022346368715084,0.45612445540554275,0.5,0.4561683309501372,0.4690898734407228,0.4601481579660717,0.47102792287683515
2.0307262569832405,0.45302341152579223,0.49999999999999994,0.4530703881142664,0.4752783844449741,0.4549220755645701,0.46898022903561043
2.0391061452513966,0.45097599987962883,0.49999999999999956,0.4510250238797492,0.47085912824758425,0.44652065428483295,0.46762827389377015
2.047486033519553,0.45005221799359835,0.4999999999999964,0.45010216577560475,0.4700210262391888,0.44275311661577,0.4670182785012461
2.0558659217877095,0.4502839682635529,0.49999999999997197,0.4503336842952893,0.47203022255389593,0.45805158505945903,0.4671713087771352
2.0642458100558656,0.45166322877993975,0.49999999999979566,0.4517115655511596,0.4647761377162386,0.4582197715538226,0.4680820676616213
2.072625698324022,0.45414251433794434,0.4999999999986109,0.454188371823605,0.4679525761266635,0.4385432866703185,0.4697191995318494
2.0810055865921786,0.457637590683579,0.49999999999119055,0.4576799530928866,0.45965427423202165,0.45289511398340676,0.4720270824826466
2.089385474860335,0.46203222562316687,0.4999999999478751,0.46207019339749156,0.4743128430024777,0.4711037934400976,0.4749289655915442
2.0977653631284916,0.46718460329213896,0.4999999997122471,0.46721741868855904,0.4863204223726246,0.48672258484304204,0.4783312043799447
2.106145251396648,0.47293490819248085,0.49999999851791416,0.47296197328280626,0.4755340076654165,0.4688790894357247,0.4821282685712747
2.1145251396648046,0.47911351450255024,0.4999999928779296,0.47913440098092563,0.4902131101487415,0.4870435070674091,0.4862081489722645
2.122905027932961,0.4855491987537425,0.49999996806856634,0.4855636495230573,0.4805233837503352,0.4829818792477227,0.49045777760807385
2.1312849162011176,0.49207682916707646,0.4999998664297229,0.4920847522043391,0.49698086259665875,0.49221997605057605,0.4947680944085478
2.1396648044692737,0.49854406591505496,0.4999994787086849,0.4985455213278486,0.49302882730388864,0.49890172937434313,0.4990384346443244
2.14804469273743,0.5048167219305832,0.4999981018505425,0.5048119033105032,0.4989937182797941,0.5009616425041862,0.5031799525575035
2.1564245810055866,0.5107825693867573,0.49999355148708496,0.5107717803688576,0.508649478942281,0.5055941471704904,0.5071177994380038
2.1648044692737427,0.5163535174744246,0.49997956060691456,0.5163371435175571,0.5133391844532377,0.5196742405731853,0.5107916780532427
2.173184357541899,0.5214662184439961,0.49993955565563575,0.5214446917812078,0.5260122840594254,0.5266842652191992,0.5141541287230098
2.1815642458100557,0.5260812694402717,0.49983322820639203,0.5260550213990378,0.5100578651804519,0.5338958988808068,0.5171654409911888
2.189944134078212,0.5301812594508054,0.4995706921980473,0.5301506488835527,0.5244011519896075,0.5401355207889035,0.5197835858140223
2.1983240223463687,0.5337679598158028,0.49896891560066275,0.5337331607715877,0.5075242465912785,0.5343483991867055,0.5219475612706432
2.206703910614525,0.5368589733125931,0.49768953760782825,0.5368198038768883,0.5106936517036617,0.5301126246232143,0.5235540578684532
2.2150837988826817,0.539484144334308,0.4951696027887744,0.5394398297927625,0.5299278305753915,0.5441932618332433,0.5244315601548166
2.223463687150838,0.541681997105534,0.4905779362306674,0.5416308930446592,0.5210001278432662,0.5442626581825482,0.5243231764700464
2.2318435754189947,0.5434964175728931,0.48285298661951587,0.5434357741419398,0.5212692458004106,0.54165189011255,0.5228973023045802
2.2402234636871508,0.5449737352349976,0.4708854429291641,0.5448996469426918,0.5203694638009596,0.5460628355620187,0.5198077238591962
2.2486033519553073,0.5461603007755099,0.4538776803536898,0.5460680181550881,0.514318389204011,0.5311358334332341,0.5148141136379042
2.2569832402234637,0.5471005996868811,0.43183030540189843,0.5469853293925961,0.517026671102304,0.5506097774074692,0.5079460524975211
2.26536312849162,0.5478358952010502,0.40599503142131055,0.5476940543372705,0.5059360903686615,0.5344489232551994,0.4996559644678732
2.2737430167597763,0.5484033580859141,0.3790545535407673,0.548234009281369,0.49364366409567195,0.5478409857656148,0.49087964132822637
2.282122905027933,0.5488356168958134,0.3548197671471046,0.5486416010460646,0.47995595894530446,0.5366326931750762,0.48293309802405177
2.2905027932960893,0.5491606494192931,0.3374059277102388,0.548948894697584,0.4801614169430756,0.5396000251037631,0.4772326622899402
2.298882681564246,0.5494019327424333,0.330104771692609,0.5491826355813835,0.461861214781649,0.5334484989453423,0.4749119603338467
2.3072625698324023,0.5495787733992236,0.3343707987105905,0.5493635654245349,0.4854307323427276,0.5563753793535596,0.4764777992693219
2.315642458100559,0.5497067482021715,0.34934904574587855,0.5495063904997152,0.48126296804383645,0.550784328764463,0.4816500544612699
2.3240223463687153,0.5497981983520562,0.37215430175179537,0.549620554455456,0.477356873972846,0.5622861701606272,0.4894568382862924
2.332402234636872,0.5498627324555438,0.3987769066271773,0.5497116466297155,0.5152301831657784,0.5432885870877114,0.4985425104179838
2.340782122905028,0.5499077067047586,0.425225702060433,0.5497830247001143,0.5124797138608912,0.5553540248914122,0.5075562278194804
2.3491620111731844,0.5499386617231895,0.4484647560481364,0.5498371878175145,0.5271077305525802,0.5406985416906782,0.5154704159978887
2.357541899441341,0.5499597049108392,0.4668612912988747,0.5498766064972272,0.5238903792866005,0.5312110358321958,0.521733171983921
2.365921787709497,0.5499738343334658,0.48011864042929636,0.5499039791395617,0.5264772042916315,0.5598370252529707,0.5262457046960018
2.3743016759776534,0.5499832053632606,0.488871520461723,0.5499220936783591,0.530189571796899,0.5468856877168836,0.5292250354883505
2.38268156424581,0.5499893446294251,0.4941882779394562,0.549933543562735,0.5407860481566621,0.5539483750509892,0.5310350640623315
2.3910614525139664,0.5499933177051718,0.4971682618324971,0.5499404926492991,0.5265873624042254,0.5679811754685637,0.5320499164518215
2.399441340782123,0.5499958576972305,0.49871269752070774,0.5499445745370539,0.5267637474337927,0.5499392200124884,0.5325762013355761
2.4078212290502794,0.5499974618506315,0.49945400662875855,0.5499469183954097,0.5350452198348293,0.5617621374376861,0.5328290654751922
2.416201117318436,0.5499984627247152,0.49978394048957936,0.5499482482024801,0.5407265383783189,0.5543087827065352,0.532941796975377
2.4245810055865924,0.5499990796664702,0.49992023017148346,0.5499490008169752,0.5264801076899507,0.5419960749110954,0.5329884986845861
2.432960893854749,0.5499994553744951,0.4999725221225422,0.5499494284412432,0.5322892717316909,0.5654879338658528,0.5330065090919962
2.441340782122905,0.5499996814263601,0.4999911690594819,0.5499496729139932,0.5364281264262092,0.5484527917267171,0.5330129922755742
2.4497206703910615,0.5499998158037303,0.4999973520487221,0.5499498133399753,0.539201878299138,0.549997282600447,0.5330151812209522
2.458100558659218,0.549999894728465,0.49999925921484045,0.5499498940929514,0.535410725428007,0.5432741202399743,0.5330158811553232
2.466480446927374,0.5499999405296888,0.499999806645711,0.5499499403958048,0.5342376324706054,0.558367313754203,0.5330160973480758
2.4748603351955305,0.5499999667915506,0.49999995291369626,0.5499499667776727,0.5479059685124567,0.5478352532841682,0.5330161643731322
2.483240223463687,0.549999981670268,0.4999999893017032,0.5499499816778994,0.5249734594801765,0.5262947954171345,0.533016186558038
2.4916201117318435,0.5499999899994759,0.49999999773215204,0.5499499900072086,0.527423629147829,0.5537445367257038,0.533016194921635
2.5,0.549999994606775,0.49999999955146895,0.5499499946117197,0.5265136856664424,0.5495799134725768,0.5330161985819235
