Re,Cd_Schiller_Naumann,Cd_Stokes_asymptote
0.0001,240064.3135526947,240000.0
0.00010365498674723874,231600.93584625245,231537.34087607064
0.00010744356277570225,223435.96866631252,223373.08424984082
0.0001113706107559153,215558.88992891862,215496.70812706102
0.00011544119181936272,207959.54856799546,207898.06153036034
0.00011966055208121485,200628.15145287992,200567.351416789
0.00012403412940145597,193555.2507671573,193495.1300566655
0.00012856756039313197,186731.73183253116,186672.28285745764
0.0001332666876867491,180148.80136203617,180090.01661700604
0.0001381375674601838,173797.97612745728,173739.84819095398
0.00014318647724381134,167671.07202634538,167613.59355977384
0.00014841992401091065,161760.19353454205,161703.35728130216
0.0001538446525637712,156057.7235306209,156001.52231519125
0.00015946765422631236,150556.31347912783,150500.74020616006
0.00016529617585441656,145248.87395997153,145193.9216133943
0.00017133772917558772,140128.5655317583,140074.22717389165
0.00017760010046997526,135188.78991729353,135135.05868797295
0.0001840913606052355,130423.18149989384,130370.05061560421
0.00019081987543816811,125825.59911954649,125773.06187256571
0.00019779431659653062,121390.11815834533,121338.16791589739
0.000205023672654925,117111.02290500347,117059.65310842109
0.00021251726071916464,112982.7991885995,112932.00335249615
0.00022028473843404488,109000.12727206745,108949.89898351856
0.0002283361164299985,105157.87499626848,105108.20791400177
0.00023668177122467452,101451.09116580978,101401.97901940475
0.00024533245859606625,97874.99916808744,97826.43575718367
0.0002542993274444272,94424.9908173276,94376.97001084202
0.0002635939341608382,91096.62041569318,91049.13615104595
0.000273228257520942,87885.59902380288,87838.64530615207
0.00028321471412304347,84787.788933277,84741.35983476172
0.00029356617439047075,81799.1983341871,81753.28799317912
0.0003042959791588179,78915.97617053759,78870.57879090129
0.000315417956869453,76134.40717714727,76089.51702750791
0.00032694644139144233,73450.90709153695,73406.51850455708
0.0003388962904948682,70862.01803464946,70818.12540631343
0.0003512829049993393,68364.40405445153,68321.00184335795
0.00036412224862238,65954.8468266721,65911.92955333434
0.00037743086855327563,63630.24150713708,63587.803753291366
0.00039122591677888586,61387.59273035567,61345.62913827712
0.00040552517218891694,59224.01074920004,59182.51602102624
0.0004203470634891389,57136.707710703966,57095.6766077661
0.0004357106929520741,55122.994063181155,55082.42140534264
0.00045163586103577397,53180.27509003168,53140.155755034175
0.00046814309190240904,51306.04756577007,51266.376488586815
0.0004852536598695557,49497.896529965765,49458.66870216208
0.0005029896168282784,47753.49217493714,47714.702644038174
0.0005213738206633388,46070.586843188794,46032.23071205423
0.000540429964712156,44447.01213072263,44409.08455692846
0.0005601826083004917,42880.67609248868,42843.17228771584
0.0005806572083942104,41369.560546374705,41332.47577580456
0.000601880152407905,39911.71847226009,39875.04805397664
0.0006238787922126743,38505.27150278151,38469.01080718036
0.0006466814793868799,37148.407502576905,37112.55195178073
0.0006703176017553177,35839.378232887466,35803.92330016807
0.000694817621263883,34576.497098508604,34541.43830771543
0.0007202131132385566,33358.13697418531,33323.46989918034
0.0007465368070793013,32182.72810765104,32148.44837174999
0.0007738226284413089,31048.756096607878,31014.859372027648
0.0008021057429579724,29954.75993704008,29921.241944352365
0.000831422601561927,28899.330140346032,28866.186647937073
0.0008618109874625629,27881.106916862373,27848.333740398688
0.0008933100648405659,26898.778423438507,26866.371425338653
0.0009259604293222382,25951.07907280348,25919.03416171567
0.0009598041602986409,25036.78790254644,25005.101032832004
0.0009948848751570013,24154.72700160823,24123.3941728309
0.001031247785494271,23303.75999225657,23272.777248677376
0.0010689397553852796,22482.790565588257,22452.153995666147
0.0011080093617805776,21690.76106867109,21660.466804569103
0.0011485069571118209,20926.65114150445,20896.695358601395
0.0011904847341853728,20189.476402041953,20159.85531844956
0.0012339967934477483,19478.28717758171,19448.997053667175
0.001279099212709613,18792.167280888803,18763.20441880265
0.0013258501194181845,18130.232829472858,18101.593572682097
0.0013743097655711679,17491.631106499277,17463.311839325772
0.0014245406053688002,16875.53946186557,16847.536609029565
0.0014766073757040642,16281.164252026925,16253.474278195657
0.0015305771795947973,15707.7398172046,15680.359226545977
0.001586519572665246,15154.527494658823,15127.45283040008
0.0016445066527885092,14620.814666754659,14594.04251074593
0.0017046131530053885,14105.913842594064,14079.44081487686
0.0017669165378394218,13609.161772030386,13582.984530410871
0.0018314971031322203,13129.918590923537,13104.033830550581
0.001898438079527764,12667.566996534357,12641.9714494823
0.0019678257397390373,12221.511451995319,12196.2018868514
0.0020397495097352497,11791.17741883232,11766.150640288715
0.00211430208399294,11376.010616548441,11351.263464998856
0.002191579544959474,10975.476308315587,10951.005659456361
0.0022716814868829352,10589.058611853203,10564.861376288873
0.0023547111441679825,10216.25983460603,10192.33295745929
0.0024407755244230753,9856.599832364223,9832.940292890255
0.0025299855463705827,9509.615390498995,9486.220201704098
0.002622456182797483,9174.859627016463,9151.725835280955
0.0027183066087308736,8851.90141666047,8829.026101365787
0.0028176603550292985,8540.32483532193,8517.705108481907
0.002920645467587819,8239.728624038833,8217.3616299351
0.0030273946723619826,7949.725671896166,7927.608586717611
0.003138045546423421,7669.942517159158,7648.072548645425
0.003252740695267509,7400.018865997013,7378.393253085984
0.0033716279366015774,7139.607128176906,7118.223140656122
0.0034948604908505636,6888.371969129829,6867.226907291795
0.0036225971786256303,6645.989877810918,6625.081072112277
0.0037550026254102413,6412.148749797435,6391.473560521933
0.003892247473727452,6186.547485087104,6166.103302012332
0.004034508603061921,5968.895600078375,5948.679842146232
0.00418196935782004,5758.9128532325885,5738.922968223426
0.004334819783621947,5556.328883935677,5536.562348146078
0.004493256872230007,5360.882864093821,5341.337182017991
0.004657484815429407,5172.323162014168,5152.995866028877
0.004827715268188008,4990.4070181374145,4971.2956681904625
0.005004167621434696,4814.9002322042925,4796.002415506457
0.005187069284807745,4645.576861452816,4626.890192173237
0.0053766559797375595,4482.218929457373,4463.741048422345
0.00557317204324158,4324.616145234348,4306.3447196294765
0.005776870742822867,4172.565632252304,4154.498355327993
0.005988014602878154,4025.8716669974956,4008.006257777718
0.006206875743036071,3884.3454267577695,3866.679629752099
0.006433736228861608,3747.8047462997743,3730.3363312186307
0.006668888435378797,3616.073883125917,3598.8006445989954
0.006912635423880028,3488.983291008573,3471.9030483064184
0.007165291332507765,3366.369401509614,3349.4799982683035
0.00742718178111197,3248.0744132037134,3231.3737171526195
0.007698644290904942,3133.946088333829,3117.4319910264235
0.00798002871945456,3023.8375566367263,3007.507973184389
0.008271697711576468,2917.6071260857557,2901.4599948945597
0.008574027166706237,2815.118100306994,2799.151382817433
0.00888740672335399,2716.2386024334023,2700.450282863021
0.009212240261265782,2620.841405169995,2605.2294902589033
0.009548946421938837,2528.8037668510597,2513.366285610281
0.009897959148161618,2440.0072732780773,2424.742276740716
0.010259728243274029,2354.3376851345424,2339.2432461097283
0.010634719950868392,2271.684790781064,2256.759003610645
0.011023417555678585,2191.9422642409577,2177.1832445589143
0.011426322006431412,2115.007528193404,2100.4134126879476
0.011843952561463303,2040.7816217975005,2026.3505679758343
0.012276847457934028,1969.1690731769622,1954.899259132667
0.01272556460550022,1900.0777764010572,1885.9674005840782
0.013190682305342556,1833.418872803267,1819.4661537924692
0.01367279999547319,1769.1066364847345,1755.3098127630005
0.014172539023284176,1707.0583638549062,1693.415693586746
0.01469054344633245,1647.1942670670287,1633.7040278786753
0.01522748086239325,1589.4373712111828,1576.0978599731436
0.01578404326985202,1533.7134151323264,1520.522947744365
0.01636094795954354,1479.9507557455418,1466.9076669240617
0.016958938439187464,1428.0802757251877,1415.182918792993
0.017578785391612138,1378.0352944489555,1365.2820411273578
0.0182212876680011,1329.7514820820927,1317.1407222853438
0.018887273317442766,1283.1667766910466,1270.6969183230663
0.019577600654110055,1238.2213042797093,1225.8907730330848
0.02029315936344508,1194.8573016452328,1182.664540802464
0.021034871648775034,1153.0190419539585,1140.9625121909237
0.021803693419836435,1112.6527629415812,1100.7309421331995
0.02260061552474,1073.706597644991,1061.9179806730551
0.023426665026963625,1036.1305075765342,1024.4736061396907
0.024282906529019155,999.8762182545761,988.3495606804289
0.025170443544499148,964.8971570072673,953.4992880665807
0.026090419920271796,931.1483929693671,919.8778736923442
0.027044021310656665,898.5865791947997,887.441986689414
0.028032476705481552,867.1698968103286,856.1498240826851
0.029057060013989687,836.858001138382,825.9610569150858
0.030119091706638186,807.6119697196071,796.8367782721167
0.03121994051690449,779.394252168145,768.7394531390876
0.03236102520529316,752.1686217950272,741.6328700264545
0.03354381638781718,725.9001289373272,715.4820943008915
0.034769838431309985,700.555055932934,690.2534231619603
0.03604067141801065,676.1008736829219,665.9143422063567
0.0373579531819548,652.5061997455247,642.4334835237398
0.038723381419794894,629.7407579077244,619.780585270157
0.04013871587877106,607.7753391823421,597.926452666946
0.04160578062465195,586.5817641803667,576.84292037486
0.043126466392568195,566.1328468100402,556.5028161949252
0.044702733023768884,546.4023592559026,536.8799260492409
0.046336611991441144,527.3649981926745,517.9489601965946
0.04803020901884775,508.99635219043364,499.6855206393554
0.04978570679315764,491.27287026907675,482.0660696796308
0.051605367778466686,474.17183156154385,465.06789958416795
0.0534915371316334,457.6713160467141,448.66910331890745
0.05544664572468888,441.75017631424436,432.8485463154619
0.057473213277714666,426.38801032497696,417.5858392331448
0.05957385160622733,411.5651351318028,402.8613116814366
0.0617512679872546,397.2625615271149,388.6559868690239
0.06400826864844057,383.4619695841874,374.9515571467455
0.06634776238467803,370.14568506094713,361.7303604129146
0.06877276430692746,357.2966566357431,348.9753573506204
0.07128639972805531,344.89843394576576,336.6701094676635
0.07389190819069935,332.9351463998196,324.7987579108268
0.07659264764235123,321.3914827381468,313.34600302718104
0.07939209876303834,310.252671312955,302.2970846460782
0.08229386945118207,299.5044610642399,291.6377630564225
0.08530169947341272,289.1331031663877,281.3543006547067
0.08841946528433527,279.12533332190304,271.4334442401557
0.09165118502245707,269.46835467944294,261.86240793416187
0.09500102368871502,260.14982135414954,252.62885670200322
0.09847329851427869,251.15782252903583,243.72089045559883
0.1020724845245444,242.480867116945,235.1270287168228
0.1058032203064937,234.1078689633101,226.83619582160293
0.10967031398684783,226.02813257064832,218.83770664573998
0.11367874942872211,218.23133932639544,211.12125283405126
0.11783369265476862,210.7075342163267,203.67688951508677
0.12214049850508243,203.44711300644906,196.49502248430178
0.12660471753845437,196.44080987684043,189.5663958391625
0.13123210318586392,189.67968549150305,182.88208005025126
0.1360286191654299,183.15511548885823,176.43346045299944
0.14100044716837806,176.85877937804665,170.21222614521213
0.1461539948259296,170.7826498267283,164.21035927607838
0.15149590396737733,164.9189823265781,158.4201247128641
0.15703305917999433,159.2603052231574,152.83406007196697
0.16277259668180666,153.7994100973138,147.444966101487
0.16872191351866286,148.52934248571722,142.24589740291964
0.1748886770974576,143.4433929285694,137.2301534800099
0.1812808350677908,138.53508833295558,132.39127010323563
0.18790662556480206,133.79818364070485,127.72301097878683
0.19477458782637908,129.22665379002413,123.21935971130617
0.20189357319842188,124.81468596054796,118.87451205003289
0.20927275654235092,120.55667209180811,114.68286840835431
0.216921648059555,116.44720166548588,110.63902664712788
0.22485010554802334,112.48105474214265,106.73777511246973
0.2330683471069559,108.65319524345789,102.97408591903866
0.2415869643057235,104.95876447131809,99.34310847015934
0.2504169358341538,101.39307485540388,95.84016320643235
0.2595696416517334,97.95160392121939,92.4607355747749
0.26905687765395936,94.6299884707918,89.20047021012036
0.27889087087474557,91.42401896854095,86.05516532227686
0.2890842952444762,88.32963412508522,83.02076728071097
0.29965028792401,85.34291567200579,80.09336539027886
0.31060246623569526,82.46008332083363,77.2691868511695
0.32195494521320656,79.6774898997663,74.54459189656679
0.3337223557928286,76.99161666184584,71.9160691017624
0.3459198636696294,74.39906875855281,69.38023085867421
0.35856318884282024,71.89657087298487,66.93380900993894
0.3716686258755019,69.48096300699082,64.57365063695018
0.3852530648948958,67.1491964168345,62.29671399641595
0.39933401336013485,64.89832969214905,60.10006460019691
0.4139296186256643,62.72552497313039,57.98087143337358
0.42905869132932817,60.62804430109591,55.93640330566936
0.44474072963529054,58.60324609770514,53.964025331525605
0.46099594436303326,56.64858176830628,52.06119553429315
0.47784528503481016,54.76159242503257,50.225461570164164
0.4953104668751371,52.939905725425135,48.45445756762125
0.5134139987971096,51.18123282250963,46.74590107833093
0.5321792124116118,49.48336542239717,45.097590135552494
0.5516302920968157,47.84417294561734,43.507400416269746
0.5717923061667086,46.26159978852704,41.973282503389775
0.5926912391788319,44.73366268126564,40.493259244479084
0.6143540254228632,43.25844813885257,39.06542320363356
0.6368085836331958,41.834110002143824,37.68793420319864
0.6600838529702678,40.45886706547799,36.35901695217052
0.6842098303169939,39.13100078795649,35.07695875822307
0.7092176089383838,37.84885308540803,33.84010732041074
0.7351394185541652,36.61082420019318,32.64686859970314
0.7620086668760477,35.41537064610451,31.495704764607307
0.789859982663177,34.2610032257142,30.385132209229052
0.8187292603512583,33.14628511761475,29.313719641219752
0.8486537063128624,32.06983003108917,28.28008623714444
0.8796718868085469,31.03030042583215,27.282899862893306
0.9118237776905842,30.026405794429323,26.32087535684345
0.9451508159233456,29.05690100538196,25.392772873558485
0.9796959529867626,28.12058470454171,24.49739628589063
1.015503710231662,27.21629777289685,23.633591643426882
1.0526202362583477,26.34292183872234,22.800245685291586
1.0910933663923423,25.49937784217783,21.996284405389673
1.130972684333982,24.684624650503405,21.220671668240467
1.1723095860612804,23.897657722030033,20.47240787361901
1.2151573460684282,23.137507817283343,19.75052866828368
1.2595711860253258,22.403239755519706,19.0541037031292
1.305608345946588,21.69395121509394,18.382235434164294
1.3533281579617797,21.008771576112274,17.73405796576783
1.4027921227819313,20.346860803880364,17.108735934733275
1.4540639889609184,19.707408371707402,16.505463433662587
1.5072098350538123,19.089632221679437,15.92346297232271
1.5622981547781063,18.492777762062897,15.361984475625734
1.6193999452875996,17.91611690004653,14.820304316941105
1.6785887986726542,17.358947108576494,14.297724385494543
1.7399409968047717,16.82059052608229,13.793571186651507
1.8035356096477577,16.30039308793354,13.30719497392533
1.8694545971621164,15.797723688509627,12.837968911592002
1.9377829149340349,15.31197337280246,12.385288266831992
2.008608623665128,14.842554556510972,11.948569630357834
2.082023002663985,14.388900273623387,11.527250164523437
2.158120667485813,13.950463450517766,11.120786877945864
2.2369996918718376,13.526716205645833,10.728655925704532
2.3187617341455264,13.1171491738985,10.350351934216347
2.4035121682285863,12.721270854782682,9.985387349916456
2.4913602194456086,12.338606983569816,9.633291810905055
2.582419105292321,11.968699924606515,9.293611540750774
2.6768061813489186,11.611108086005801,8.965908763669143
2.7746430925264858,11.265405354965319,8.649761140322557
2.8760559298415007,10.93118055298503,8.344761223514398
2.981175392920384,10.608036910283236,8.050515933076115
3.0901369584435634,10.295591558733896,7.766646049270351
3.2030810547461983,9.99347504267215,7.492785724057077
3.32015324280049,9.701330846938424,7.228582009593157
3.441504403812861,9.418814941553238,6.973694403357518
3.5672909336778544,9.14559534243628,6.727794409315573
3.6976749445392327,8.881351687604411,6.490565114557586
3.8328244737181048,8.625774828302786,6.261700780865224
3.9729137002774197,8.378566434542503,6.040906450679795
4.1181231695017875,8.139438614537186,5.827897566964596
4.268640025582049,7.90811354754833,5.622399606471264
4.424658252804397,7.684323129666827,5.424147725937599
4.586378925554997,7.467808632074473,5.232886420760745
4.754010467462187,7.258320371345749,5.048369195706003
4.9277689200102675,7.05561739136529,4.870358247226819
5.107878220971187,6.85946715645151,4.698624156986413
5.294570493012782,6.669645255291514,4.532945596186259
5.488086342855605,6.48593511530612,4.3731090403202595
5.6886751713639905,6.308127727077201,4.2189084939869135
5.896595494970811,6.136021378482838,4.070145225404987
6.112115278850263,5.969421398197997,3.9266275102904453
6.335512282268188,5.8081399082304905,3.7881703847644848
6.567074416554778,5.651995585173916,3.6545954069743725
6.807100116161154,5.5008134298702025,3.5257304271197847
7.0558987232781085,5.3544245451852746,3.4014093655882025
7.313790886512518,5.212665921611993,3.281471998913559
7.581108974135296,5.075380230424394,3.16576375328221
7.85819750243366,4.94241562411699,3.0541355053200525
8.145413579719445,4.813625543872508,2.946443389904167
8.443127366565983,4.688868533810174,2.8425486147511903
8.751722552866449,4.5680080617756715,2.742317281543539
9.071596852328812,4.450912346442062,2.64562021336286
9.403162515044365,4.337454190499368,2.5523327882084113
9.746846858790546,4.227510819718143,2.462334778385764
10.103092819752984,4.1209637276799596,2.375510195558788
10.472359523376193,4.017698525975167,2.2917471412653163
10.855122876078775,3.9176047996751824,2.2109376627037856
11.251876178595923,3.820575967893366,2.1329776136049574
11.663130761739327,3.7265091492552305,2.057766520009493
12.08941664539401,3.635305032104906,1.9852074507783504
12.53128322160162,3.5468677492809078,1.9152068926690944
12.989299962610097,3.461104757300247,1.847674629817186
13.464057154802596,3.3779267197954623,1.7825236274668708
13.956166659451265,3.2972473950547276,1.7196699198018637
14.466262701276744,3.2189835275203773,1.6590325017312066
14.995002685829164,3.1430547431064277,1.6005332244909096
15.543068046744294,3.0693834482004765,1.544096694926786
16.11116512396708,2.9978947322200886,1.489650178328657
16.70002607407384,2.9285162735985057,1.4371235046907558
17.310409813866634,2.861178249078778,1.3864489782774883
17.943102998456155,2.7958132461997027,1.337561290377979
18.59892103509314,2.7323561788611777,1.2903974351370116
19.27870913405517,2.6707442058603954,1.2448966283538576
19.98334339794357,2.6109166522942004,1.201000229144327
20.713731950793633,2.55281493372665,1.1586516643651197
21.470816108453672,2.49638248302432,1.1177963557030566
22.25557159174163,2.4415646797653396,1.0783816493352016
23.069009783942036,2.3883087821315123,1.0403567480692653
23.9121790342643,2.3365638611960184,1.0036726458768086
24.786166008942633,2.2862807375222625,0.9682820647348609
25.69209709171805,2.2374119199924944,0.9341393936945885
26.63113983550808,2.1899115467875987,0.901200630098457
27.604504467134486,2.143735328442303,0.8694233228701513
28.613445447049145,2.098840492902636,0.8387665178041352
29.659263086067206,2.0551857325151555,0.8091907047843777
30.743305221191598,2.012731152879862,0.7806577668642022
31.86696895268927,1.9714382235011287,0.7531309311416211
33.03170244465678,1.9312697301733452,0.7265747213668743
34.23900679139628,1.892189729040153,0.7009549122210759
35.490437952007944,1.8541635022682947,0.6762384852070317
36.787608755690854,1.8171575152792445,0.6523935860954083
38.13219098033735,1.781139375483732,0.6293894838713954
39.5259175071004,1.7460777924661988,0.6071965311289399
40.970584553709394,1.7119425395681656,0.5857861258615381
42.468053989413754,1.6787044168211989,0.5651306746003152
44.02025573453697,1.6463352151819755,0.5452035568519045
45.62919024773485,1.6148076820235497,0.5259790907902737
47.29693110416195,1.584095487838625,0.507432500158305
49.02562766786965,1.5541731941121246,0.4895398823364599
50.817507861880834,1.52501622232187,0.47227817753736895
52.674881039509636,1.4966008240276774,0.4556251390866629
54.60014096062742,1.4689040520105232,0.4395593047517328
56.59576887671196,1.4419037324247914,0.42405996908146126
58.6643367286537,1.415578437927964,0.4091071567212924
60.808510461441436,1.3899074617533198,0.3946815966692418
63.03105346000033,1.3648707926924308,0.38076469743965907
65.33483011060837,1.3404490909554456,0.36733852310275067
67.72280949248197,1.3166236648782526,0.3543857701689751
70.19806920428985,1.2933764484466896,0.34188974528851207
72.7637993305242,1.2706899796090645,0.3298343437370796
75.42330655284215,1.248547379349226,0.31820402866036396
78.1800184116777,1.2269323314934013,0.30698381105030714
81.03748772361322,1.205829063224997,0.2961592304274596
83.9993971602066,1.1852223262824269,0.28571633620448916
87.06956399417248,1.1650973788159384,0.275641669706837
90.25194501903793,1.1454399678802323,0.2659222468273386
93.55064164860904,1.1262363125405161,0.2565455412924668
96.9699052028224,1.1074730875704013,0.24749946851862506
100.51414238679543,1.0891374077208005,0.23877237003768026
104.18792097013356,1.0712168125397619,0.23035299847167334
107.9959756738154,1.0536992517238384,0.22223050303733696
111.94321427224439,1.0365730709822856,0.21439441556173583
116.0347239183281,1.0198269983960673,0.20683463699101468
120.27577769973792,1.003450131254245,0.19954142437486228
124.67184143480152,0.9874319233509614,0.19250537830991338
129.22858071678186,0.9717621727268223,0.18571743082591416
133.9518682156251,0.9564310098390425,0.17916883369903214
138.84779124658473,0.9414288861452788,0.17285114717725358
143.92265961548094,0.9267465630865919,0.16675622910333196
149.18301375070044,0.9123751014555166,0.16087622442127608
154.6356331324197,0.8983058511356911,0.15520355505285116
160.2875450299182,0.8845304411999735,0.1497309101310418
166.14603355823618,0.8710407703544569,0.14445123657789707
172.21864906585233,0.8578289977162135,0.1393577300146105
178.51321786548263,0.8448875339130336,0.13444382599211802
185.03785232053562,0.8322090324938498,0.1297031915309172
191.80096130022616,0.8197863816389227,0.1251297169592012
198.8112610168257,0.8076126961592461,0.12071750803878681
206.0777862590091,0.7956813097750203,0.11646087836869314
213.60990203577862,0.7839857676633816,0.11235434205657806
221.41731564597572,0.7725198192659198,0.10839260664858576
229.51008918892813,0.7612774113468715,0.10457056630849756
237.898652532359,0.7502526812931742,0.10088329523739323
246.59381675427596,0.7394399506478803,0.09732604132534008
255.60678807615466,0.7288337188687485,0.09389422002693261
264.94918230538093,0.7184286573040934,0.09058340845278606
274.63303980555975,0.7082196033782697,0.0873893396693712
284.6708410139915,0.6982015549794226,0.08430789719984144
295.07552252630626,0.6883696650424145,0.08133510971876828
305.86049376898785,0.6787192363200697,0.07846714593394616
317.03965428128294,0.6692457163361222,0.07570030964866872
328.6274116287557,0.6599446925134995,0.07303103499811621
340.63869997158,0.6508118874717856,0.0704558818537129
353.08899931150717,0.6418431544879184,0.06797153138953044
365.994355442301,0.6330344731144087,0.06557478180502595
379.3714006293585,0.6243819449495472,0.06326254419860111
393.2373750451751,0.6158817895542632,0.06103183858666252
407.6101489882653,0.6075303405105041,0.05887979006305591
422.5082459141869,0.5993240416161629,0.056803625093921825
437.9508663083408,0.5912594432117719,0.054800667943199634
453.9579124313274,0.5833331986343376,0.052868337224170774
470.55001396873445,0.5755420607938662,0.05100414257259946
487.74855461842117,0.5678828788682788,0.04920568143718201
505.5756996495724,0.560352595112561,0.04747063598316735
524.0544244690243,0.5529482417781544,0.045796770105160305
543.2085442316848,0.5456669381387231,0.044181926545256475
563.0627445332207,0.5385058876185668,0.04262402411279406
583.6426132245492,0.5314623750200915,0.041121055002141006
604.9746733891436,0.5245337638468686,0.03967108220505993
627.086417525667,0.5177174937189297,0.038272237014314966
650.0063429799649,0.5110110778770778,0.036922716615305017
673.763988672093,0.5044121007730962,0.03562078176261852
698.3899731657243,0.4979182157428443,0.03436475453851472
723.9160341289764,0.4915271427593515,0.03315301619044404
750.375069237526,0.48523666626310363,0.03198400504481975
777.8011785727401,0.47904463306682316,0.030856214494351678
806.2297085694396,0.47294895033214246,0.02976819105634943
835.6972975699549,0.4669475836156554,0.028718532499491536
866.2419230431681,0.4610385549819237,0.027705886036647052
897.9029505294209,0.45521994118109416,0.02672894658141967
930.7211843743377,0.4494898718888791,0.025786455066168515
964.7389203169621,0.44384652800671465,0.02487719681933727
1000.0,0.438288140019997,0.024
