title,url,project_ids
"K. I. Martin, Perturbation techniques applied to the Mandelbrot set",https://mathr.co.uk/mandelbrot/perturbation.pdf,A01
"Tan Lei, Similarity between the Mandelbrot set and Julia sets",https://math.univ-angers.fr/~tanlei/papers/similarityMJ.pdf,A01
"Tan and Kargel, Solid-phase equilibria on Pluto's surface",https://academic.oup.com/mnras/article/474/3/4254/4657184,A02
PDS Small Bodies Node: New Horizons,https://pds-smallbodies.astro.umd.edu/data_sb/missions/newhorizons/index.shtml,A02
A superfluid perspective on neutron star dynamics,https://arxiv.org/abs/2103.10218,A03
NSCool,https://www.astroscu.unam.mx/neutrones/NSCool/,A03
Cooling neutron star in Cassiopeia A: evidence for superfluidity in the core,https://onlinelibrary.wiley.com/doi/10.1111/j.1745-3933.2011.01015.x,A03
Computing by Programmable Particles — ASU SOPS,https://labs.engineering.asu.edu/sops/amoebot/,A04
Asynchronous Deterministic Leader Election in Three-Dimensional Programmable Matter,https://arxiv.org/abs/2205.15412,A04
Energy-Constrained Programmable Matter Under Unfair Adversaries,https://arxiv.org/abs/2309.04898,A04
Actuation-enhanced multifunctional sensing and information recognition by magnetic artificial cilia arrays,https://pmc.ncbi.nlm.nih.gov/articles/PMC10589697/,A05
Measurement of fluid flow generated by artificial cilia,https://pmc.ncbi.nlm.nih.gov/articles/PMC3364822/,A05
The Oms66 (p66) protein is a Borrelia burgdorferi porin,https://pmc.ncbi.nlm.nih.gov/articles/PMC175520/,A06
Structural Modeling and Physicochemical Characterization Provide Evidence that P66 Forms a beta-Barrel,https://pmc.ncbi.nlm.nih.gov/articles/PMC3911182/,A06
Use of Nonelectrolytes Reveals the Channel Size and Oligomeric Constitution of P66,https://pmc.ncbi.nlm.nih.gov/articles/PMC3819385/,A06
"Henikoff et al., Genome-wide profiling of salt fractions maps physical properties of chromatin",https://pubmed.ncbi.nlm.nih.gov/19088306/,A07
ENCODE ENCSR757EGB,https://www.encodeproject.org/experiments/ENCSR757EGB/,A07
"Ueffing et al., Nonlinear pulse compression in a gas-filled multipass cell",https://opg.optica.org/ol/abstract.cfm?uri=ol-43-9-2070,A08
"Karst et al., Dispersion engineering in nonlinear multipass cells for high-quality pulse compression",https://pubmed.ncbi.nlm.nih.gov/37966747/,A08
"Smolcic et al., VLA-COSMOS 3 GHz: composition of the faint radio population",https://arxiv.org/abs/1703.09719,A09
IRSA COSMOS 3 GHz AGN catalog definitions,https://irsa.ipac.caltech.edu/data/COSMOS/gator_docs/cosmos_3ghzagn_colDescriptions.html,A09
"Strawn et al., The orbital kinematics of eta Carinae over three periastra",https://arxiv.org/abs/2301.00064,A10
Uncovering the orbital dynamics of stars hidden inside their powerful winds,https://arxiv.org/abs/2003.02783,A10
Speciation of organosulfur compounds in carbonaceous chondrites,https://pmc.ncbi.nlm.nih.gov/articles/PMC8016918/,A11
A XANES and Raman investigation of sulfur speciation and structural order in Murchison and Allende,https://onlinelibrary.wiley.com/doi/full/10.1111/maps.12811,A11
Molecular asymmetry in extraterrestrial chemistry: insights from a pristine meteorite,https://pmc.ncbi.nlm.nih.gov/articles/PMC2268819/,A11
"Nittler et al., Extremely 54Cr- and 50Ti-rich presolar oxide grains",https://pmc.ncbi.nlm.nih.gov/articles/PMC6491047/,A12
Neutron-rich chromium isotope anomalies in supernova nanoparticles,https://arxiv.org/abs/1007.4016,A12
"USGS Yellowstone water chemistry and isotope data, version 2.0",https://www.usgs.gov/data/water-chemistry-and-isotope-data-selected-springs-geysers-streams-and-rivers-yellowstone,B01 B09
Yellowstone Volcano Observatory 2024 annual report,https://pubs.usgs.gov/publication/cir1566/full,B01
Urban areas as hotspots for bees and pollination but not a panacea for all insects,https://www.nature.com/articles/s41467-020-14496-6,B02
USA National Phenology Network observational data,https://nn.usanpn.org/data/observational,B02 B05
Does urbanization influence the spatial ecology of Gila monsters in the Sonoran Desert?,https://pubs.usgs.gov/publication/70032684,B03
NASA Harmonized Landsat Sentinel-2 data,https://hls.gsfc.nasa.gov/hls-data/,B03 B08 B10 B24
Spectral characteristics of high-latitude raw 40 MHz cosmic noise signals,https://npg.copernicus.org/articles/23/215/2016/npg-23-215-2016.html,B04
NOAA D-Region Absorption Prediction model archive,https://www.ncei.noaa.gov/products/space-weather/ionospheric-program/d-region-absorption-prediction,B04
2021 Arizona NASA Space Grant symposium booklet,https://spacegrant.arizona.edu/sites/spacegrant.arizona.edu/files/AZSGC%20Symposium%20Booklet%202021_website.pdf,B04 B14
USGS managing to survive despite the weather: seeding decisions,https://www.usgs.gov/publications/managing-survive-despite-weather-seeding-decisions-affecting-simulated-dryland,B05 B25
EPA AQS Data API documentation,https://aqs.epa.gov/aqsweb/documents/ramltohtml.html,B06
"A long-term (2001–2022) examination of surface ozone concentrations in Tucson, Arizona",https://pubs.rsc.org/en/content/articlehtml/2025/ea/d5ea00072f,B06
Combined biological and abiotic reactions with iron and Fe(III)-reducing microorganisms for remediation,https://pubs.rsc.org/en/content/articlehtml/2015/ew/c4ew00062e,B07
"SERDP insensitive munitions environmental health, fate and transport resources",https://serdp-estcp.mil/resources/details/67fdfd78-7528-443c-a3f9-d7f109407801,B07
USDA ARS research on porous rock check dams,https://www.ars.usda.gov/research/publications/publication/?seqNo115=363913,B08
Dryland rock detention structures increase herbaceous vegetation cover and stabilize shrub cover over 10 years,https://pubmed.ncbi.nlm.nih.gov/38280600/,B08
"USGS chemical analyses of Yellowstone thermal features, 1980–1993",https://www.usgs.gov/publications/chemical-analyses-hot-springs-pools-and-geysers-yellowstone-national-park-wyoming-and,B09
NASA Landsat: urban heat and social vulnerability,https://science.nasa.gov/missions/landsat/how-urban-heat-affects-the-socially-vulnerable-in-sun-belt-cities/,B10
"DOE Nevada Offsites Program Fact Sheet, March 2023",https://www.energy.gov/lm/articles/nevada-offsites-fact-sheet,B11
DOE Annual Site Environmental Reports,https://www.energy.gov/ehss/doe-annual-site-environmental-reports-aser,B11
USGS geologic map of the east San Francisco Volcanic Field,https://pubs.usgs.gov/mf/1960/report.pdf,B12
Smithsonian Global Volcanism Program: San Francisco Volcanic Field,https://volcano.si.edu/volcano.cfm?vn=329020,B12
NeonTreeEvaluation benchmark data,https://zenodo.org/records/5914554,B13
A remote sensing derived data set of 100 million individual tree crowns for NEON,https://elifesciences.org/articles/62922,B13
Guidance for parameterizing post-fire hydrologic models with in situ infiltration measurements,https://experts.arizona.edu/en/publications/guidance-for-parameterizing-post-fire-hydrologic-models-with-in-s/,B14
Farallon plate dynamics prior to the Laramide orogeny: numerical models of flat subduction,https://www.sciencedirect.com/science/article/abs/pii/S0040195115005594,B15
Basal continental mantle lithosphere displaced by flat-slab subduction,https://www.nature.com/articles/s41561-018-0263-9,B15
NASA dataset: response of Pseudomonas aeruginosa PAO1 to low-shear modeled microgravity,https://data.nasa.gov/dataset/response-of-pseudomonas-aeruginosa-pao1-to-low-shear-modeled-microgravity-ff431,B16
NASA researcher guide to GeneLab,https://www.nasa.gov/science-research/for-researchers/researchers-guide-to-genelab/,B16
FAO impacts of climate change on fisheries and aquaculture,https://www.fao.org/family-farming/detail/en/c/1145404/,B17
FAO vulnerability of fishing-dependent economies to disasters,https://www.fao.org/4/i3328e/i3328e00.htm,B17
NOAA OCADS SOCCOM cruise data,https://www.ncei.noaa.gov/access/ocean-carbon-acidification-data-system/oceans/SOCCOM/SOCCOM.html,B18
Extratropical storms induce carbon outgassing over the Southern Ocean,https://www.nature.com/articles/s41612-024-00657-7,B18
Copernicus ERA5 hourly single-level time-series data,https://cds.climate.copernicus.eu/datasets/reanalysis-era5-single-levels-timeseries?tab=download,B18
SPASE PSP FIELDS Level 3 simplified quasi-thermal noise metadata,https://spase-metadata.org/CNES/NumericalData/CDPP-Archive/PSP/FIELDS/RFS/LFR/PARKERSP_FIELDS_RFS_SQTN.html,B19
Radial evolution of non-Maxwellian electron populations from QTN spectroscopy,https://doi.org/10.3847/1538-4357/ad7d05,B19
Recovering rare earth elements via immobilized red algae from ammonium-rich wastewater,https://pmc.ncbi.nlm.nih.gov/articles/PMC9500351/,B20
Desorption of rare earth elements biosorbed on Euglena mutabilis suspensions and biofilms,https://onlinelibrary.wiley.com/doi/10.1002/cjce.25344,B20
Protein domains in vertebrate species with more effective selection have greater intrinsic disorder,https://pmc.ncbi.nlm.nih.gov/articles/PMC11379457/,B21
UniProt proteome documentation,https://www.uniprot.org/help/proteome,B21
Genome sequence of Azotobacter vinelandii,https://pmc.ncbi.nlm.nih.gov/articles/PMC2704721/,B22
Transcriptional profiling of nitrogen fixation in Azotobacter vinelandii,https://pmc.ncbi.nlm.nih.gov/articles/PMC3165507/,B22
USGS Water Data API documentation,https://api.waterdata.usgs.gov/docs/,B23
USGS hydrologic drought decision support system,https://pubs.usgs.gov/of/2014/1003/pdf/ofr2014-1003.pdf,B23
University of Arizona Stone Canyon Project,https://herpetology.arizona.edu/content/stone-canyon-project.html,B24
"Tiger rattlesnake urban movement study, Conservation Science and Practice",https://conbio.onlinelibrary.wiley.com/doi/10.1111/csp2.70313,B24
Developing extruded seed pellets to overcome hydrophobicity and emergence barriers,https://besjournals.onlinelibrary.wiley.com/doi/full/10.1002/2688-8319.12024,B25
National Solar Radiation Database API,https://developer.nlr.gov/docs/solar/nsrdb/,B26
Operating strategies for dispatchable PEM electrolyzers,https://research-hub.nlr.gov/en/publications/operating-strategies-for-dispatchable-pem-electrolyzers-that-enab/,B26
USGS North Saluda Reservoir bathymetric and water-quality mapping,https://pubs.usgs.gov/sim/3289/pdf/sim3289.pdf,B27
Design and development of an autonomous surface vehicle for water-quality monitoring,https://arxiv.org/abs/2201.10685,B27
Water Quality Portal,https://www.waterqualitydata.us/,B27
Influence of temperature and pretreatments on anaerobic digestion of microalgae,https://pubmed.ncbi.nlm.nih.gov/24726994/,B28
Impact of low-temperature pretreatment on anaerobic digestion of microalgal biomass,https://pubmed.ncbi.nlm.nih.gov/23619135/,B28
"Barclay et al. (2023), CHIRON test of EZ CMa precessing orbit",https://arxiv.org/abs/2310.15986,C01
MAST mission archive,https://archive.stsci.edu/,C01
"Windhorst et al. (2022), SKYSURF overview and methods",https://arxiv.org/abs/2205.06214,C02 I11
"OBrien et al. (2022), SKYSURF-4 methods",https://arxiv.org/abs/2210.08010,C02 C12
SKYSURF high-level science products,https://archive.stsci.edu/hlsp/skysurf,C02 C12 I11
"Loughnane et al. (2013), HCN hyperfine anomalies",https://arxiv.org/abs/1305.1303,C03
"Goicoechea et al. (2021), HCN excitation and transfer",https://arxiv.org/abs/2111.03609,C03
CDMS laboratory data,https://cdms.astro.uni-koeln.de/classic/cologne_data,C03
"Gezari (2021), Tidal Disruption Events",https://arxiv.org/abs/2104.14580,C04
TDE host black-hole mass study,https://academic.oup.com/mnras/article/471/2/1694/4056151,C04
HEASARC archive,https://heasarc.gsfc.nasa.gov/docs/archive.html,C04
NASA Exoplanet Archive current column definitions,https://exoplanetarchive.ipac.caltech.edu/docs/API_TD_columns.html,C05
NASA Exoplanet Archive TAP guide,https://exoplanet.ipac.caltech.edu/docs/TAP/usingTAP.html,C05
"Torres et al. (2011), magnetar-like event and binary hypothesis",https://arxiv.org/abs/1109.5008,C06
"Weng et al. (2022), radio pulsations",https://arxiv.org/abs/2203.09423,C06
"Richardson et al. (2021), CCSN memory modeling",https://arxiv.org/abs/2109.01582,C07
"Richardson et al. (2024), detecting CCSN memory",https://arxiv.org/abs/2404.02131,C07
"Ehlmann et al. (2008), orbital carbonate identification",https://www.usgs.gov/publications/orbital-identification-carbonate-bearing-rocks-mars,C08
USGS Spectral Library v7,https://www.usgs.gov/data/usgs-spectral-library-version-7-data,C08
PDS CRISM archive,https://pds-geosciences.wustl.edu/missions/mro/crism.htm,C08 H09
NIST PSTAR,https://physics.nist.gov/PhysRefData/Star/Text/PSTAR.html,C09
"Takano et al. (2026), CMOS cosmic-ray demonstrator",https://arxiv.org/abs/2607.02106,C09
"Gilbert et al. (2017), SPLASH dispersion profile",https://arxiv.org/abs/1711.02700,C10
"Veljanoski et al. (2014), M31 cluster kinematics",https://arxiv.org/abs/1406.0186,C10
"Bird et al. (2022), Milky Way stellar-halo Jeans analysis",https://arxiv.org/abs/2207.08839,C10
ESA Gaia Archive,https://gea.esac.esa.int/archive/,C10
Inferring astrophysical parameters of CCSNe from GW emission,https://arxiv.org/abs/2201.01397,C11 C16
Exploring supernova gravitational waves with ML,https://academic.oup.com/mnras/article/520/2/2473/6989850,C11
GWOSC,https://gwosc.org/,C11 C25
SKYSURF X integrated-galaxy-light methods,https://arxiv.org/abs/2507.05323,C12
EHT public data products,https://eventhorizontelescope.org/for-astronomers/data,C13
"EHT (2019), M87 imaging methods",https://eventhorizontelescope.org/publications/first-m87-event-horizon-telescope-results-iv-imaging-central-supermassive-black,C13
JPL PROPER,https://science.jpl.nasa.gov/projects/proper/,C14
JPL compact deformable-mirror electronics,https://ao.jpl.nasa.gov/compact_dm_electronics.html,C14
"Burke et al. (2019), PhoSim-NIRCam",https://arxiv.org/abs/1905.06461,C15
STScI NIRCam PSFs,https://jwst-docs.stsci.edu/jwst-near-infrared-camera/nircam-performance/nircam-point-spread-functions,C15
STScI MIRAGE documentation,https://jwst-docs.stsci.edu/jwst-other-tools/mirage-jwst-data-simulator,C15
GWOSC O4 technical details,https://gwosc.org/O4/o4_details/,C16
Gemini archive access guide,https://archive.gemini.edu/help/index.html,C17
GPI debris-disk survey results,https://authors.library.caltech.edu/records/pt03e-7pb38,C17
GPI first-light paper,https://pmc.ncbi.nlm.nih.gov/articles/PMC4156769/,C17
"Izotov et al. (2018), direct LyC observations",https://arxiv.org/abs/1805.09865,C18
"Stasinska et al. (2015), extreme excitation diagnostics",https://arxiv.org/abs/1503.00320,C18
"Izotov et al. (2017), HeI diagnostics",https://arxiv.org/abs/1706.08769,C18
"Gorlova et al. (2003), near-IR gravity indicators",https://arxiv.org/abs/astro-ph/0305147,C19
SpeX Prism Library paper,https://arxiv.org/abs/1406.4887,C19
SPLAT atmospheric modeling guide,https://splat.physics.ucsd.edu/splat/splat_model.html,C19
"Zhang et al., TRINITY I",https://arxiv.org/abs/2105.10474,C20
TRINITY source repository,https://github.com/HaowenZhang/TRINITY,C20
"MacLeod et al. (2010), quasar damped random walks",https://arxiv.org/abs/1004.0276,C20
"Shi et al. (2022), switchback patches",https://arxiv.org/abs/2206.03807,C21
"Bale et al. (2021), possible solar sources",https://arxiv.org/abs/2109.01069,C21
NASA CDAWeb,https://cdaweb.gsfc.nasa.gov/,C21 C29
SDSS current data-access guide,https://www.sdss.org/dr20/data_access/get_data/,C22
"Veilleux, galactic-wind physics",https://arxiv.org/abs/astro-ph/0309119,C22
SDSS release publications,https://sdss.org/science/publications/data-release-publications/,C22
"Narang et al. (2018), DR25 metallicity occurrence",https://arxiv.org/abs/1809.08385,C23
Kepler product definitions,https://exoplanetarchive.ipac.caltech.edu/docs/Kepler_Data_Products_Overview.html,C23
Kepler simulated-data release,https://exoplanetarchive.ipac.caltech.edu/docs/KeplerSimulated.html,C23
"Richardson et al. (2024), WR125 orbit and dust",https://arxiv.org/abs/2405.10454,C24
"Arora et al. (2021), WR125 campaign",https://arxiv.org/abs/2109.12365,C24
CCSN search and deep-learning classification,https://arxiv.org/abs/2001.00279,C25
ML background improvement for CCSN searches,https://arxiv.org/abs/2002.04591,C25
"Harms and Mow-Lowry (2017), spring-antispring thermal noise",https://arxiv.org/abs/1707.07309,C26
"Brif (1999), multi-loop pendulum thermal noise",https://arxiv.org/abs/physics/9909015,C26
NASA SPHEREx mission,https://science.nasa.gov/mission/spherex/,C27
NASA regular science operations announcement,https://www.nasa.gov/missions/spherex/nasas-spherex-space-telescope-begins-capturing-entire-sky/,C27
IRSA SPHEREx archive,https://irsa.ipac.caltech.edu/Missions/spherex.html,C27
MAST reference atlases,https://stdatu.stsci.edu/hlsp/reference-atlases,C28
STScI PS1 absolute-calibration documentation,https://outerspace.stsci.edu/spaces/PANSTARRS/pages/298812324/PS1%2BAbsolute%2Bphotometric%2Bcalibration,C28
"David et al. (2021), ACE/Wind energy balance",https://arxiv.org/abs/2108.07350,C29
"David et al. (2022), extended particle fractions",https://arxiv.org/abs/2202.11029,C29
"Inayoshi et al. (2019), first massive-black-hole assembly",https://arxiv.org/abs/1911.05791,C30
"Volonteri et al. (2021), massive-black-hole origins",https://arxiv.org/abs/2110.10175,C30
"Bogdan et al. (2023), UHZ1 X-ray candidate",https://arxiv.org/abs/2305.15458,C30
"NASA/TM-2002-211631, Flow and Noise Control: Review and Assessment of Future Directions",https://ntrs.nasa.gov/api/citations/20020045525/downloads/20020045525.pdf,D01
Low-Pressure Turbine Separation Control: Comparison With Experimental Data,https://ntrs.nasa.gov/archive/nasa/casi.ntrs.nasa.gov/20020070525.pdf,D01
Analysis of an unswept propfan blade with a semiempirical dynamic stall model,https://ntrs.nasa.gov/citations/19890005741,D02
Experimental Study of Lift-Enhancing Tabs on a Two-Element Airfoil,https://ntrs.nasa.gov/citations/19980019443,D02
Northern Arizona University SEED Mars Sensor project,https://www.ceias.nau.edu/capstone/projects/ME/2022/22F_P17MarsSensor/Project/index.html,D03
Experimental Studies of Low Frequency Velocity Disturbances Observed in Short Bubble Formed on Airfoil,https://www.jstage.jst.go.jp/article/jjsass/50/582/50_582_293/_article/-char/en,D03
Bursting and reformation cycle of the laminar separation bubble over a NACA-0012 aerofoil,https://arxiv.org/abs/1807.08681,D03
NASA Glenn: Drag of a Sphere,https://www1.grc.nasa.gov/beginners-guide-to-aeronautics/drag-of-a-sphere/,D04
NASA NPARC Tutorial on CFD Verification and Validation,https://www.grc.nasa.gov/www/wind/valid/tutorial/tutorial.html,D04
A specific slip length model for Maxwell slip boundary conditions,https://link.springer.com/article/10.1007/s00162-022-00627-w,D04
Aviation ISAC,https://www.a-isac.com/,D05
The NIST Cybersecurity Framework 2.0,https://www.nist.gov/publications/nist-cybersecurity-framework-csf-20,D05
Hypersonic Wind Tunnel Calibration Using the Modern Design of Experiments,https://ntrs.nasa.gov/citations/20050192473,D06
"NASA/TM-101597, Space directorate research and technology accomplishments for FY 1988",https://ntrs.nasa.gov/api/citations/19890016576/downloads/19890016576.pdf,D06
Design of a Mars Airplane Propulsion System for the ARES Mission Concept,https://ntrs.nasa.gov/citations/20080030375,D07
NASA Systems Engineering Handbook,https://www.nasa.gov/reference/systems-engineering-handbook/,D07 E07 E08 G07 I04 I06 I10
Arizona Space Grant ASCEND program,https://spacegrant.arizona.edu/research/ascend,E01 E02 E07
NASA RaD-X balloon dosimetry,https://www.nasa.gov/science-research/heliophysics/nasa-studies-cosmic-radiation-to-protect-high-altitude-travelers/,E01 E03
NASA Open MCT,https://ammos.nasa.gov/openmct/,E01 I07
NASA NAIRAS 3.0 model and RaD-X resources,https://ccmc.gsfc.nasa.gov/models/NAIRAS~3.0/,E02 E03
NASA Small Spacecraft Guidance Navigation and Control,https://www.nasa.gov/smallsat-institute/sst-soa/guidance-navigation-and-control/,E02 I10
NOAA greenhouse-gas data,https://gml.noaa.gov/ccgg/data/getdata.php?gas=co2,E04
NOAA aircraft CO2 data dictionary,https://erddap.gml.noaa.gov/erddap/info/greenhouse_gases_co2_aircraft_insitu_10_second_values/index.html,E04
NASA Small Spacecraft Structures,https://www.nasa.gov/smallsat-institute/sst-soa/structures-materials-and-mechanisms/,E05 I03 I06
GSFC-STD-7000 GEVS,https://standards.nasa.gov/standard/GSFC/GSFC-STD-7000,E05 E08
NASA balloon thermal environment,https://lambda.gsfc.nasa.gov/product/websites/TOPHAT/topweb.gsfc.nasa.gov/balloon/inside.html,E06
NASA Small Spacecraft Thermal Control,https://www.nasa.gov/smallsat-institute/sst-soa/thermal-control/,E06 I02
NASA Small Spacecraft Power,https://www.nasa.gov/smallsat-institute/sst-soa/power-subsystems/,E08
NASA delayed team communication research,https://techport.nasa.gov/projects/23197,F01
NASA educational outreach evaluation framework,https://ntrs.nasa.gov/citations/20000033841,F01 F02
NASA Science Activation,https://science.nasa.gov/learn/about-science-activation/,F02
Application of Fibre Bragg Grating Sensors in Strain Monitoring and Fracture Recovery of Human Femur Bone,https://pmc.ncbi.nlm.nih.gov/articles/PMC7552668/,G01
Interfacial Load Monitoring and Failure Detection in Total Joint Replacements,https://arxiv.org/abs/1912.04723,G01
"Widrow et al., Adaptive Noise Cancelling: Principles and Applications",https://www-isl.stanford.edu/~widrow/papers/j1975adaptivenoise.pdf,G02
"Le and Hensley, RFI Removal from AIRSAR Polarimetric Data",https://airsar.jpl.nasa.gov/documents/workshop2002/papers/T8.pdf,G02
NASA JPL MESA Antenna Range Technical Data,https://www.nasa.gov/jpl/mesa/antenna-range/,G03
NASA JPL MESA Outdoor Ranges,https://www.nasa.gov/jpl/mesa/facilities/outdoor-ranges/,G03
Synthesis of a Novel Photopolymerized Nanocomposite Hydrogel for Treatment of Acute Mechanical Damage to Cartilage,https://pmc.ncbi.nlm.nih.gov/articles/PMC4950507/,G04
Human Cartilage Repair with a Photoreactive Adhesive-Hydrogel Composite,https://pmc.ncbi.nlm.nih.gov/articles/PMC3972413/,G04
18 Months of MOXIE operations on the surface of Mars,https://www.sciencedirect.com/science/article/pii/S0094576523002187,G05
NASA Spaceflight Human-System Standard Volume 2,https://standards.nasa.gov/node/237,G05
NASA: Detoxifying Mars,https://www.nasa.gov/general/detoxifying-mars/,G05
"Wang et al., Moisture Swing Sorbent for Carbon Dioxide Capture from Ambient Air",https://pubs.acs.org/doi/abs/10.1021/Es201180v,G06
Confinement Effects on Moisture-Swing Direct Air Capture,https://pubs.acs.org/doi/abs/10.1021/acs.estlett.3c00712,G06
NASA Photonic Validation Methods Handbook,https://nepp.nasa.gov/docuploads/0D2C2285-A001-4F95-BC3BDA2EE6A282C6/photonic_validation_methods.pdf,G07
A Model of Liver Regeneration,https://pmc.ncbi.nlm.nih.gov/articles/PMC2712210/,G08
Mathematical Model of Liver Regeneration in Human Live Donors,https://pmc.ncbi.nlm.nih.gov/articles/PMC6289189/,G08
NASA Photojournal,https://science.nasa.gov/photojournal/,H01
USGS Astrogeology Science Center,https://www.usgs.gov/centers/astrogeology-science-center,H01
NASA Museum and Informal Education Alliance,https://science.nasa.gov/sciact-team/museum-alliance/,H01
"Golish et al. (2020), Ground and In-Flight Calibration of the OSIRIS-REx Camera Suite",https://pmc.ncbi.nlm.nih.gov/articles/PMC6979463/,H02
PDS OCAMS bundle,https://arcnav.psi.edu/urn%3Anasa%3Apds%3Aorex.ocams,H02
JAXA Kaguya DARTS mission archive,https://darts.isas.jaxa.jp/en/missions/kaguya,H03
PDS Lunar Prospector archive,https://pds-geosciences.wustl.edu/missions/lunarp/index.htm,H03
PDS lunar crustal magnetic-field-map bundle,https://pds.nasa.gov/ds-view/pds/viewBundle.jsp?identifier=urn%3Anasa%3Apds%3Alunar-crust-magnetic.field-map,H03
"Suzuki et al. (2010), Micro-spectroscopic characterization of organic and hydrous components in weathered Antarctic micrometeorites",https://link.springer.com/article/10.5047/eps.2008.11.001,H04
"Boyd et al. (2023), Multiscale evidence for weathering and preservation of carbonaceous material in an Antarctic micrometeorite",https://doi.org/10.1016/j.gca.2023.08.023,H04
ITEP Climate Change 202 Tribal Hazard Mitigation Planning cohort,https://itep.nau.edu/wp-content/uploads/2024/07/tribes_ntnlTHMPC.pdf,H05
ITEP institutional mission,https://itep.nau.edu/,H05
NASA NCCS NEX-GDDP-CMIP6 collection,https://www.nccs.nasa.gov/data-collections/nex-gddp-cmip6/,H05
HiRISE Digital Terrain Models,https://hirise.lpl.arizona.edu/dtm/,H06 H09
HiRISE DTM methodology,https://hirise.lpl.arizona.edu/dtm/about.php,H06
The tectonic architecture of wrinkle ridges on Mars,https://www.sciencedirect.com/science/article/abs/pii/S0019103520303110,H06
Morphometry and kinematics correlation of wrinkle ridges on Mars: Insights from Trishear modelling,https://doi.org/10.1016/j.icarus.2024.116330,H06
"Long et al. (2017), ALMA CO isotopologue survey in Chamaeleon I",https://arxiv.org/abs/1706.03320,H07
ALMA Science Archive data portal,https://almascience.nrao.edu/alma-data,H07
GoFish documented spectral extraction tools,https://fishing.readthedocs.io/en/stable/user/fishing_basics.html,H07
"Mouti Al-Hashimi et al. (2024), Fine-grained chondrule rims in Mighei-like carbonaceous chondrites",https://onlinelibrary.wiley.com/doi/10.1111/maps.14076,H08
"Matsumoto et al. (2021), Formation of rims around chondrules via porous aggregate accretion",https://arxiv.org/abs/2105.06051,H08
"Lapotre et al., A probabilistic approach to remote compositional analysis of planetary surfaces",https://www.usgs.gov/publications/a-probabilistic-approach-remote-compositional-analysis-planetary-surfaces,H09
"Harris et al. (2018), Hapke mixture modeling of mafic minerals and shergottites",https://onlinelibrary.wiley.com/doi/full/10.1111/maps.13065,H09
NASA CEA technical reference,https://ntrs.nasa.gov/api/citations/19950013764/downloads/19950013764.pdf,I01
"NASA cooling technical reference, NTRS 19810012596",https://ntrs.nasa.gov/api/citations/19810012596/downloads/19810012596.pdf,I01 I02 I03
NASA Small Spacecraft Avionics,https://www.nasa.gov/smallsat-institute/sst-soa/small-spacecraft-avionics/,I04
NOAA Integrated Global Radiosonde Archive,https://www.ncei.noaa.gov/products/weather-balloon/integrated-global-radiosonde-archive,I05
NASA Scientific Balloons Overview,https://www.nasa.gov/scientificballoons/overview/,I05
University of Arizona CatSat Operations,https://catsat.arizona.edu/operations/concept,I07
NASA/JPL NAIF SPICE Tutorials,https://naif.jpl.nasa.gov/naif/tutorials.html,I08 I09 I12
JPL Horizons System Manual,https://ssd.jpl.nasa.gov/horizons/manual.html,I08 I12 I13
JPL Hedgehog robots hop and tumble in microgravity,https://www.jpl.nasa.gov/news/hedgehog-robots-hop-tumble-in-microgravity/,I09
"Hari et al. (2026), Dynamic Modeling and Attitude Control of a Reaction-Wheel-Based Low-Gravity Bipedal Hopper",https://arxiv.org/abs/2603.10670,I09
NASA Space Mission Design Tools,https://www.nasa.gov/smallsat-institute/space-mission-design-tools/,I12
NASA Apophis Facts,https://science.nasa.gov/solar-system/asteroids/apophis-facts/,I13
