session	title	name	family	question	model	data	validation	visual	extension	sources
A	New Methods for the Iteration and Visualization of Mandelbrot and Julia Sets	APOLLO FRACTAL	fractal	Can adaptive precision reduce boundary-rendering cost without changing set membership?	z(n+1)=z(n)^2+c; Mandelbrot z0=0; Julia fixes c and varies z0. Track derivative d(n+1)=2z(n)d(n)+1 for Mandelbrot distance estimation.	Complex-plane bounds, precision bits, iteration cap, escape count, elapsed time; synthetic coordinates only.	Compare escape counts with high-precision reference points; distinguish unresolved bounded iterates from proven membership; benchmark identical viewports.	Linked Mandelbrot/Julia planes, precision error tiles, boundary zoom, runtime-versus-error curve.	Develop interval-certified boundary tiles and a reproducible matrix-method comparison; no speedup claim until benchmarked.	NUMPY
A	Theory and simulation investigation of eutectic phase behavior on Pluto	NEW HORIZONS CRYOPHASE	phase	Which mixture assumptions change predicted coexistence temperatures most?	Minimize G=sum(x_i*mu_i); ideal binary liquidus ln(x_i)=-DeltaHfus_i/R*(1/T-1/Tm_i). Add activity coefficients before treating real mixtures.	PDS Pluto composition context; laboratory melting temperatures, fusion enthalpies, uncertainty and pressure range; no fitted Pluto observations supplied.	Recover pure-component limits and compare measured phase diagrams; Monte Carlo activity-model uncertainty; reject extrapolation outside measured pressure.	Temperature-composition phase diagram, free-energy common tangents, uncertainty envelope.	Build a thermodynamic evidence ledger connecting each interaction parameter to a measurement.	PDS,NIST
A	Superfluidity of Neutron Star Matter	CHANDRA QUANTUM CORE	quantum	How do pairing assumptions affect neutron-matter energy gaps and cooling interpretations?	BCS reference E_k=sqrt((epsilon_k-mu)^2+Delta^2); solve gap and number equations together. Research model requires interacting many-body calculations and finite-size corrections.	Published equation-of-state and pairing tables with density fm^-3, gap MeV and temperature K; observational cooling constraints from HEASARC.	Reproduce a published benchmark before astrophysical inference; vary interaction, regulator, volume and trial state; do not equate a toy BCS curve with neutron-star predictions.	Density-gap curves, pairing-shell schematic, uncertainty-separated cooling comparison.	Compare multiple equation-of-state families with explicit model discrepancy.	HEASARC,NTRS
A	Target Detection Using Algorithmic Matter	VOYAGER SWARM SENSE	swarm	Can local distributed particles locate a simulated environmental signal despite node failures?	Particles on a graph hold local states; neighbor consensus x_i(next)=x_i+alpha*sum_j(x_j-x_i); detection requires threshold persistence and connected-component agreement.	Synthetic scalar field, graph topology, packet loss and labeled signal locations; environmental targets only.	Measure precision, recall, time-to-consensus and message cost against centralized and random baselines; vary connectivity and adversarial noise in simulation.	Particle lattice, consensus propagation, failure masks, detection-latency distribution.	Develop local evidence receipts showing which observations contributed to a detection.	NUMPY,NTRS
A	Artificial Cilia Creation for Advanced Sensor Devices	ARTEMIS CILIA ARRAY	mechanics	How does flexible-element geometry control sensor sensitivity and bandwidth?	Euler-Bernoulli EI*y''''=q; tip deflection F*L^3/(3EI); coupled oscillator m*y''+c*y'+k*y=F(t); fluid loading changes effective mass and damping.	Material modulus Pa, element geometry m, displacement m, frequency Hz and temperature; use inert educational fixtures.	Recover beam analytic limits; compare independent force calibration; measure hysteresis, creep, fatigue and channel cross-talk.	Array geometry, deflection field, transfer-function magnitude and phase.	Infer force from an array using a regularized inverse model with calibration uncertainty.	NIST,NTRS
A	Purification of the P66 Outer Membrane Protein of the Bacterium Borrelia burgdorferi	ORION P66 STRUCTURE ATLAS	bioanalysis	What published structural evidence supports or limits interpretations of P66?	Evidence-only sequence/structure comparison: identity=matched residues/aligned residues; annotate topology, confidence and unresolved regions. Do not infer purification success from a predicted structure.	Published P66 sequence accessions and public structures; historical research citation; no organism handling, expression optimization or purification protocol.	Verify organism, accession version and alignment coverage; separate experimentally resolved from predicted features; audit conflicting annotations.	Annotated topology schematic, sequence-domain map, structure-confidence panel.	Create a reproducible provenance map from residue-level claims to public records.	UNIPROT,PDB
A	Properties of Chromatin Extracted by Salt Fractionation from a Cancerous and Non-cancerous Esophageal Cell Line	HUBBLE CHROMATIN MAP	bioanalysis	Which published chromatin-property differences remain after batch and cell-line controls?	Retrospective effect size d=(mean_case-mean_control)/pooled_sd; hierarchical model y=beta0+beta1*group+batch random effect+error. Biological replicates determine sample size.	Public GEO accession-level datasets or authorized published measurements; cell-line identity, assay units, batch and replicate metadata required.	Check authentication metadata, replicate independence, multiple testing and confounding; compare assay-specific results without treating correlations as diagnostic evidence.	Chromatin evidence map, effect-size forest plot, batch-versus-group projection.	Add sensitivity analysis showing conclusions that depend on extraction or normalization choice.	GEO,OSDR
A	Nonlinear Laser Pulse Compression with a Multipass Cell	PULSAR LIGHT COMPRESSOR	optics	When does spectral broadening improve recoverable pulse duration without unacceptable distortion?	Reference nonlinear Schrodinger envelope: dA/dz=-i*beta2/2*d2A/dt2+i*gamma*abs(A)^2*A; B integral=integral(k0*n2*I dz). Add losses and higher-order dispersion in research runs.	Published pulse spectra, phase, duration fs, beam radius and medium properties; no physical high-power operating instructions.	Check energy conservation in lossless propagation; halve time and spatial steps; compare reconstructed pulse against independent temporal diagnostics.	Time-frequency map, spectral phase, pulse before/after, convergence plot.	Design an uncertainty-aware inverse dispersion compensator in simulation.	NTRS,NIST
A	Majority of the Faint (μJy) Radio Source Population Appears Powered by Star Formation, not AGN	ROMAN RADIO ORIGINS	population	How robust is a source-population interpretation to flux limits and ambiguous classifications?	Mixture likelihood p(y)=f_SF*p(y given SF)+(1-f_SF)*p(y given AGN); correct selection and completeness. Radio/infrared ratio is evidence, not a definitive single-source classifier.	NRAO catalogs, survey area, flux microJy, redshift, infrared counterpart, upper limits and completeness curves.	Use probabilistic labels and censored fluxes; compare luminosity functions by redshift; bootstrap fields to expose cosmic variance.	Flux-redshift plane, mixture posterior, completeness boundary and classification ambiguity.	Build a source inspector linking each population point to catalog provenance.	NRAO,MAST
A	H-beta Analysis of eta Carinae Radial Velocity during Recent Periastron Passages	KEPLER ETA PERIASTRON	spectrum	Which H-beta components track orbital motion and which trace the stellar wind?	v=c*(lambda-lambda0)/lambda0 for small shifts; fit emission and absorption components with instrument line-spread function; RV=gamma+K*(cos(nu+omega)+e*cos(omega)).	Time-stamped spectra, wavelength medium, barycentric corrections, resolving power and periastron ephemeris.	Test calibration lines and continuum choices; compare profile centroid versus component fits; avoid assigning wind emission directly to stellar center-of-mass velocity.	Phase-folded line profiles, RV confidence bands, residual-versus-phase view.	Connect interacting-wind simulations to observables without asserting a unique orbital solution.	MAST,SIMBAD
A	Identification of Thiol Function Groups in GRA 95229 and Murchison	STARDUST SULFUR SIGNATURES	spectrum	Can candidate sulfur-bearing signatures be separated from contamination and overlapping bands?	Absorbance A=-log10(I/I0); constrained mixture y(lambda)=sum(a_i*s_i(lambda))+baseline+noise; require independent orthogonal evidence for a thiol assignment.	Published meteorite spectra, sample metadata, blanks and reference spectral library; no new chemical extraction procedure.	Compare blanks, substrate and alternative functional groups; propagate wavelength and baseline uncertainty; report tentative assignments where specificity is weak.	Spectrum overlay, residual panel, contamination-control matrix.	Create a molecule-to-band evidence graph with confidence determined by controls.	USGS_SPECTRA,NIST,PDS
A	Heterogeneous Supernova Production of Ti and Cr Isotopes	SUPERNOVA ISOTOPE FOUNDRY	mixture	Can isotopic mixtures distinguish candidate stellar sources without overfitting endmembers?	ratio_mix=sum(f_i*N_num_i)/sum(f_i*N_den_i), sum(f_i)=1; isotope anomaly epsilon=1e4*(Rsample/Rstandard-1). Mixing ratios are abundance-weighted, not arithmetic averages.	Published Ti/Cr isotopic ratios, standards, uncertainties and stellar-yield tables; sample contamination metadata.	Fit joint isotopes with correlated errors; compare alternative yield grids; reserve isotopes for posterior predictive checking.	Isotope mixing triangles, posterior fractions, yield-family comparison.	Extend to presolar-grain provenance with explicit non-uniqueness.	NTRS,PDS
B	Can Changes in Hot Spring Composition Reflect Decadal-Scale Deformation of the Yellowstone Caldera?	TERRA CALDERA PULSE	timeseries	Does geochemistry add explanatory power beyond seasonality and sampling changes?	y_t=beta0+beta1*deformation_(t-lag)+season(t)+site effect+AR residual; explore physically justified lag windows, not arbitrary correlation fishing.	USGS spring chemistry, GNSS deformation, temperature, precipitation, sampling method and detection limits.	Use blocked time validation, station holdouts and multiple-lag correction; missing samples are not zero concentrations; association is not eruption prediction.	Synchronized deformation and chemistry, lag-response uncertainty, site map.	Build an evidence-linked caldera dashboard with chemistry-specific freshness and limits.	YVO,WATER
B	Urban Biodiversity Life Rafts: A Way to Conserve our Pollinators	TERRA POLLINATOR HAVENS	ecology	Which habitat patches support occupancy after accounting for observer effort?	Occupancy z_i~Bernoulli(psi_i); detections y_ij~Bernoulli(z_i*p_ij); logit(psi)=habitat+connectivity+management; replicate visits identify detection probability.	GBIF occurrences, local permitted surveys, patch geometry, floral resources, weather and observation effort.	Hold out neighborhoods and seasons; compare before/after with controls; suppress sensitive species coordinates.	Habitat connectivity network, occupancy uncertainty map, seasonal resource calendar.	Optimize restoration portfolios under budget and uncertainty rather than maximizing raw observation counts.	GBIF,PHENOLOGY
B	Potential Road Impacts on Gila Monsters in an Urbanizing Environment	LANDSAT DESERT CROSSINGS	ecology	Where do road barriers change habitat connectivity at a defensible spatial resolution?	Resistance surface R(x); least-cost paths and circuit conductance compare road permeability scenarios; movement data require autocorrelation-aware step selection.	Land cover, road class, permitted aggregated movement observations and survey effort; generalized locations only.	Spatial block validation and habitat controls; roadkill counts must be normalized by search effort; avoid presenting exact animal locations.	Generalized crossing corridors, resistance scenarios, confidence and coverage layers.	Compare mitigation scenarios with uncertainty in both resistance and detection.	LANDSAT,GBIF
B	Analysis of Space-based Riometer Measurement Data for Characterization of Radio Propagation Disturbance in the Ionosphere	AURORA RIOMETER WATCH	plasma	How do absorption signatures relate to independently observed ionospheric disturbances?	Absorption_dB=10*log10(quiet_reference/received_power); build sidereal quiet-day curves and flag instrument gain changes; compare with geomagnetic indices.	CDAWeb/mission radio records where available, time UTC, frequency Hz, power, calibration, orbit and quality flags; riometer-specific archive availability must be verified.	Exclude solar-radio interference and gain drift; test quiet-day baseline stability; compare event timing with independent observatories.	Absorption spectrogram, orbit-context timeline, quiet-day residuals.	Generate propagation-context evidence packets without claiming communications guarantees.	CDAWEB,SPDF
B	Phenology Data to Aid Pollinator Restoration	TERRA BLOOM CLOCK	ecology	Which planting mixtures reduce seasonal gaps in pollinator resources?	Growing degree days=sum(max(Tmean-Tbase,0)); model bloom probability by accumulated temperature, photoperiod and species random effects.	USA-NPN observations, species, phenophase, observation date, temperature and survey effort.	Hold out years and stations; interval-censor onset dates; test species-specific base temperature; distinguish observed bloom from predicted resource adequacy.	Phenology ribbons, resource-gap calendar, uncertainty-aware planting comparison.	Link restoration decisions to monitored phenophase evidence and climate scenarios.	PHENOLOGY,NOAA
B	The Contribution of Plants and Pollution to Tucson's Urban Ozone Problem	AURA DESERT OZONE	chemistry	How do biogenic and anthropogenic precursor scenarios affect ozone attribution?	Conceptual photochemical budget dO3/dt=P(NO_x,VOC,J)-L-deposition+transport; statistical GAM O3~weather+precursors+season supports screening, not chemical causation.	EPA hourly O3/NO2, meteorology, VOC studies, emissions inventories, monitor coverage and QA flags.	Blocked hot-season validation, wind-sector sensitivity and monitor holdouts; report NOx/VOC nonlinear regime ambiguity.	Diurnal ozone cycles, wind-sector plume context, precursor sensitivity diagram.	Couple a documented chemical transport model after emissions and boundary conditions are verified.	EPA,NOAA
B	Bioremediation of Insensitive Munitions Compounds	TERRA CLEAN SOIL	kinetics	What do published remediation observations establish about contaminant removal and residual risk?	Retrospective first-order reference C=C0*exp(-k*t); mass balance includes sorbed fraction, transformation products and uncertainty. Removal is not proof of detoxification.	Published concentration time series, analytical detection limits, matrix, controls and measured byproducts; no handling or treatment recipe.	Compare censored fits and abiotic controls; require byproduct accounting; do not optimize explosive compound production or disposal operations.	Concentration decay with censored points, mass-balance Sankey, residual-risk matrix.	Create a literature comparison tool that exposes incompatible matrices and measurement methods.	EPA,NTRS
B	The Influence of Conservation Structures on Rangeland Vegetation Patterns	LANDSAT RANGE RESILIENCE	geospatial	Do conservation structures change vegetation after controlling for terrain and rainfall?	Difference-in-differences delta=(treated_after-treated_before)-(control_after-control_before); NDVI=(NIR-red)/(NIR+red); use matched catchments.	Landsat surface reflectance QA, structure dates, terrain, precipitation and field plots.	Check parallel pre-trends, spatial dependence and cloud masking; ground-truth NDVI versus actual cover.	Before/after vegetation maps, matched-control trajectories, effect confidence bands.	Estimate intervention durability across drought regimes with explicit transportability limits.	LANDSAT,NOAA
B	Mapping Hot Spring Geochemistry in Yellowstone	TERRA HYDROTHERMAL ATLAS	geospatial	Which chemical patterns are spatially supported by actual sampling density?	Standardize species-specific concentrations; interpolate only within support using Gaussian-process covariance K; distinguish prediction variance from analytical uncertainty.	USGS water chemistry, sample UTC, location precision, charge balance, units, detection limits and laboratory method.	Leave-one-site-out validation; assess charge balance; show sampled points and mask unsupported extrapolation.	Geochemical facies map, sample receipts, prediction uncertainty surface.	Join facies maps to the separate deformation project without collapsing distinct hypotheses.	YVO,WATER
B	Using Remote Sensing to Determine Vegetation Change and Impacts to Communities	LANDSAT COMMUNITY CANOPY	geospatial	How do observed vegetation changes overlap community-defined exposure and access concerns?	Trend NDVI_t=beta0+beta1*t+season+sensor effect; aggregate to community-approved zones; distinguish canopy, greenness and ecosystem function.	Landsat QA reflectance, approved community boundaries, land cover, climate and documented local priorities.	Compare sensors and seasonal windows; validate field samples; report ecological fallacy and boundary uncertainty.	Canopy-change atlas, zonal uncertainty bars, provenance-linked community briefing.	Use community review to determine what can be published and how impact is interpreted.	LANDSAT,NOAA
B	Nevada Offsite Management	TERRA LEGACY STEWARDSHIP	governance	How can a public record atlas support long-term monitoring without implying new contamination findings?	Requirement-evidence matrix: site obligation -> monitoring parameter -> dated public report -> unresolved gap; trend analysis only on verified compatible measurements.	DOE Legacy Management site-specific reports, maps, monitoring dates and applicable published standards; verify exact offsite scope before ingestion.	Check site names, report versions, measurement comparability and superseded requirements; no environmental compliance conclusion from missing data.	Stewardship timeline, report coverage matrix, generalized site context.	Build a transparent change ledger for public reports and monitoring obligations.	DOE_LM,EPA
B	Identifying unique emplacement characteristics of O'Leary Peak: a volcanic dome in the San Francisco Volcanic Field	TERRA DOME GENESIS	geology	Which mapped features distinguish competing volcanic emplacement scenarios?	Compare flow orientation, morphology and lithologic contact hypotheses with a weighted evidence score; physical extension couples cooling diffusion dT/dt=kappa*laplacian(T) to emplacement timescale.	Published geologic maps, DEM, unit descriptions, orientation uncertainty and authorized field observations.	Independent mapping review, terrain-resolution sensitivity and conflicting evidence; avoid claiming unique history from morphology alone.	Dome cross-section, geologic-unit drape, competing-explanation matrix.	Develop interactive scenario replay linked to individual field evidence records.	USGS_GEO,NTRS
B	Instance Segmentation for Biogeography	LANDSAT SPECIES PIXELS	vision	Can segmentation transfer to new ecosystems without hidden geographic leakage?	Instance masks evaluated by IoU=intersection/union and precision-recall over IoU thresholds; spatially separated training/validation/test splits.	Licensed imagery with annotations, species labels, capture date, resolution, habitat and annotator disagreement.	Site holdouts, rare-class performance and annotation audit; compare simple baselines; sensitivity to season and imaging platform.	Image/mask/uncertainty overlays, class-specific error gallery, transfer map.	Add active annotation review that prioritizes uncertain habitats instead of inflating benchmark scores.	LANDSAT,GBIF
B	Soil hydraulic properties three years after the Frye Fire on Mount Graham, Arizona	TERRA FIRE INFILTRATION	hydrology	How persistent are post-fire hydraulic changes after accounting for texture and slope?	van Genuchten Se=[1+(alpha*abs(h))^n]^-m, m=1-1/n; Richards flow uses fitted retention and hydraulic conductivity with explicit boundary conditions.	Published field infiltration/retention observations, burn severity, soil depth, texture, units and unburned controls.	Compare fitted curves with withheld pressure points; report parameter identifiability and scale mismatch; no extrapolation to other fires without validation.	Retention curves, conductivity uncertainty, burn-severity transects.	Connect soil recovery to storm runoff scenarios and decision-support uncertainty.	WATER,USGS_GEO
B	Numerical simulation of Laramide flat-slab subduction	TERRA DEEP TIME	geology	Which rheology and boundary assumptions permit flat-slab geometries?	Incompressible Stokes: -grad(p)+div(2*eta*strain_rate)+rho*g=0; div(u)=0; heat advection-diffusion dT/dt+u.grad(T)=kappa*laplacian(T)+H.	Published plate reconstructions, rheological bounds, thermal boundary conditions and geological constraints; no unique reconstruction supplied.	Grid convergence, mass conservation and benchmark convection tests; compare independent chronology and uplift proxies.	Slab-temperature cross-section, viscosity field, boundary-condition sensitivity.	Produce an ensemble of admissible histories rather than one cinematic reconstruction.	USGS_GEO,NTRS
B	Multi-drug Resistance of Pseudomonas aeruginosa Under Microgravity Growth Conditions	ISS MICROBIAL EVIDENCE	bioanalysis	What do existing datasets support about microgravity-associated resistance observations?	Retrospective group contrasts and batch-adjusted uncertainty only; pre-register covariates and distinguish microgravity, modeled microgravity and flight-associated confounding.	Published aggregate susceptibility outcomes and OSDR metadata; no culturing, strain engineering, resistance enhancement, growth conditions or wet-lab optimization.	Audit replicates, measurement method, flight controls and multiple comparisons; report association and study limitations; no extrapolation to astronaut treatment.	Study-design comparison, effect-size forest plot, missing-control ledger.	Build a careful evidence synthesis focused on prevention and data quality.	OSDR,GEO
B	Off the Hook: Assessing the Vulnerability of Inland Subsistence Fisheries to Climate Change	TERRA FISHERIES FUTURES	ecology	Which climate pressures matter most under locally defined subsistence priorities?	Vulnerability function combines exposure, sensitivity and adaptive capacity; weights are explicit stakeholder choices; ecological extension uses thermal suitability and hydrologic scenarios.	Published climate projections, water temperatures, fish ecology and community-approved aggregated use data.	Weight-sensitivity and scenario comparisons; distinguish projected hazards from observed impacts; preserve community data sovereignty.	Scenario matrix, watershed exposure map, uncertainty and adaptation tradeoffs.	Co-design an adaptation portfolio with local review and reversible assumptions.	NOAA,WATER
B	Assessing the Role of the Winds in the Biogeochemical Cycling and Carbon Budget of the Southern Ocean	AQUA SOUTHERN CARBON	carbon	How do wind changes redistribute carbon flux and storage in alternative ocean states?	Air-sea F=k*K0*(pCO2_water-pCO2_air); mixed-layer dC/dt=surface_flux/depth+entrainment+biology+advection; flux sign and units documented.	Ocean carbon products, wind stress, mixed-layer depth, sea ice and ensemble circulation outputs.	Close regional budgets, compare buoy observations and seasonal coverage; separate flux changes from carbon storage changes.	Wind-carbon response map, mixed-layer budget, seasonal flux ensemble.	Link carbon-cycle uncertainties to observational gaps in under-sampled seasons.	NOAA,SOCAT
B	Investigation of Electron Parameters and Association with Structures using Quasi-thermal Noise Spectroscopy (QTN)	WIND PLASMA THERMOMETER	plasma	How robust are inferred electron parameters to receiver and antenna response assumptions?	Plasma frequency f_pe≈8980*sqrt(n_e in cm^-3) Hz; fit QTN spectral response with antenna impedance, thermal distribution and instrument transfer function.	Wind/CDAWeb QTN spectra and derived products, frequency Hz, density cm^-3, temperature K, antenna and quality metadata.	Compare independently measured densities; propagate response calibration; mask interference and avoid resolving populations below frequency resolution.	QTN spectrum with model residuals, density-temperature timeline, structure overlays.	Build an auditable fit inspector showing every instrument assumption.	CDAWEB,SPDF
B	Rare Earth Metal Recovery from Waste Stream Using Algae	TERRA ELEMENT RECLAIMER	adsorption	What published sorption evidence establishes selective recovery rather than simple disappearance?	Langmuir q=qmax*K*C/(1+K*C); competitive multicomponent adsorption and total metal mass balance; recovery efficiency includes desorption evidence where published.	Public sorption tables, concentration units, competing ions, blanks and analytical limits; no biological or chemical preparation recipe.	Compare alternative isotherms, censoring and measured mass closure; separate adsorption, precipitation and recovered product purity.	Isotherm confidence bands, competing-ion selectivity matrix, mass-balance diagram.	Add energy and lifecycle boundaries before making sustainability claims.	EPA,NIST
B	More Effectively Selective Species Have Greater Protein Structural Disorder	KEPLER PROTEOME EVOLUTION	bioanalysis	Does a published disorder-selection association survive phylogenetic and predictor controls?	Phylogenetic generalized least squares y=X*beta+epsilon with covariance proportional to evolutionary shared history; disorder scores require calibrated predictor uncertainty.	Public proteomes, species tree, published selection-efficiency proxies and disorder annotations.	Phylogenetic holdouts, length/composition covariates and predictor sensitivity; avoid causal interpretations from cross-species associations.	Phylogeny-linked scatter, confidence forest plot, annotation provenance.	Compare independent disorder predictors and evolutionary proxies with a preregistered analysis.	UNIPROT,PDB
B	Developing a model system using Azotobacter vinelandii to investigate the evolution of nitrogen fixation	TERRA NITROGEN HERITAGE	bioanalysis	Which existing sequence and ecological evidence supports evolutionary hypotheses about fixation?	Comparative public-data trait model P(trait)=logistic(beta*environment+phylogenetic effect); mechanistic energy budget remains conceptual until validated measurements exist.	Published nitrogen-fixation genes, annotations, phylogenies and ecological metadata; no organism modification, culture or genetic optimization workflow.	Accession/version audit, orthology checks and phylogenetic controls; distinguish gene presence from measured fixation activity.	Trait phylogeny, gene-evidence map, hypothesis comparison.	Connect nitrogen-cycle interpretation to ecosystem evidence without creating a wet-lab design.	UNIPROT,GEO
B	Modeling to Make a Difference: Hydrologic Analysis for Improved Decision Support	AQUA WATERSHED DECISIONS	hydrology	Which water-management decisions remain robust across plausible hydrologic models?	Catchment storage dS/dt=P-ET-Q; event routing and infiltration are explicit modules; evaluate decisions by regret across rainfall and parameter ensembles.	USGS discharge, precipitation, watershed area, soils, management objectives and forecast issue time.	Nash-Sutcliffe efficiency plus bias, peak timing and volume closure; split wet/dry years; assess decisions separately from fit quality.	Hydrograph ensemble, water budget, decision-regret frontier.	Build a decision notebook where each choice retains the model, evidence and assumptions used.	WATER,NOAA
B	Using GIS to Quantify Effects of Land Cover Change on Movement Patterns of Tiger Rattlesnakes in an Urbanizing Environment	LANDSAT TIGER CORRIDORS	ecology	How does land-cover change alter movement selection at a population-safe resolution?	Integrated step-selection compares observed and available steps: logit(P(use))=habitat+step length+turn angle+individual effect; account for temporal autocorrelation.	Permitted telemetry summaries, generalized habitat maps, land-cover dates and location uncertainty; publish no precise animal tracks.	Individual and temporal holdouts; alternative availability kernels; distinguish movement selection from population viability.	Generalized utilization zones, habitat coefficient intervals, change scenarios.	Compare corridor conservation options while keeping sensitive ecological data private.	LANDSAT,GBIF
B	Can We Predict Germination Success in Seed Pellets Using Seed Traits?	TERRA SEED LAUNCH	ecology	Which seed traits predict germination beyond species and treatment effects?	Success y~Binomial(n,p); logit(p)=trait coefficients+species/treatment random effects; survival analysis handles time-to-germination censoring.	Authorized published seed size, dormancy traits, pellet category, replicate counts and germination observations.	Hold out species and batches; measure calibration and Brier score; avoid treating individual seeds from one batch as independent experiments.	Trait-response curves, calibration plot, germination survival curves.	Optimize restoration decisions against uncertainty and ecological suitability rather than one success score.	PHENOLOGY,GBIF
B	Electrolytic Application of Load-Managing Photovoltaic System	HELIOS SOLAR LOADS	power	How does controllable load scheduling affect solar utilization and energy accounting?	Ppv=G*A*eta(T); energy storage evolves dE/dt=eta_charge*Pcharge-Pdischarge/eta_discharge; theoretical electrolysis n_H2=eta_F*integral(I dt)/(2F).	Published PV curves, irradiance W/m^2, temperature, load time series and efficiency bounds; model only, no gas-generation operating procedure.	Energy closure, dark and rated-condition limits; compare weather holdouts; keep Faradaic and energy efficiencies separate.	Power dispatch timeline, lost-energy ledger, modeled hydrogen yield sensitivity.	Develop a robust scheduling study including auxiliary power and degradation.	NREL,NIST
B	Aquatic Data Analysis from Deployable, Autonomous Boat	AQUA LAKE SCOUT	geospatial	Can spatial water-quality gradients be distinguished from sensor lag and sampling path bias?	Sensor dy/dt=(true_value-y)/tau; georeference samples with clock and positioning uncertainty; interpolate with coverage masks and cross-validation.	Authorized boat temperature, conductivity, dissolved oxygen, position, calibration and mission timestamps; no autonomous deployment included.	Before/after standards, response-time correction and independent samples; require depth and units for cross-mission comparison.	Track-linked measurements, uncertainty footprints, coverage-gap map.	Create replayable aquatic evidence packets with raw-to-calibrated lineage.	WATER,NOAA
B	Biogas Production from Microalgae following Freeze-Heat Pretreatment	TERRA BIOENERGY BALANCE	kinetics	Do published gas gains exceed pretreatment energy under a consistent system boundary?	Modified Gompertz gas G=A*exp(-exp((rmax*e/A)*(lag-t)+1)); net energy=gas heating value*yield-treatment and auxiliary energy.	Published cumulative gas curves, methane fraction, blank corrections and reported energy inputs; no biological preparation or gas-handling protocol.	Compare blanks, fit identifiability and uncertainty; report methane versus total gas; include processing energy and scale effects.	Gas-yield curves, energy budget, uncertainty-aware pretreatment comparison.	Build a lifecycle scenario explorer that flags unsupported energy inputs.	NREL,NTRS
C	The Characterization of EZ CMa	CHANDRA WOLF WIND	spectrum	Which variability signatures distinguish wind structure from orbital explanations?	Phase phi=fract((t-t0)/P); jointly fit line-profile variability and photometric periodicity with correlated noise; alternative periods and aliases retained.	Public time-series spectra and photometry, exposure UTC, instrument, wavelength frame, quality flags and published period priors.	Window-function analysis, season holdouts and line-dependent phase shifts; periodicity alone does not prove binarity.	Phase-resolved spectral waterfall, periodogram aliases, competing-model residuals.	Connect wind-structure evidence to Eta Carinae and WR 125 without merging object identities.	MAST,SIMBAD
C	Image Simulations for Testing the Fidelity of SKYSURF Background Measurement Algorithms	HUBBLE SKY TRUTH	image	Which scene conditions introduce background-estimator bias?	Pixel counts~Poisson(background+PSF-convolved sources)+Gaussian(read noise); include gradients, masks and cosmic-ray artifacts; evaluate estimated minus known background.	Seeded synthetic images with exact scene truth, gain, read noise, PSF, source density and masked pixels; optional independent MAST validation.	Bias versus source crowding and gradients; unseen simulation seeds; compare median, clipped mean and spatial estimators; simulation realism limits stated.	Truth/image/mask/residual panels, estimator bias surface, coverage-versus-error plot.	Create adversarial scene tests with calibrated tolerances and archived parameter manifests.	MAST,SKYSURF,NUMPY
C	HCN Mapping of the Taurus Molecular Cloud	SPITZER TAURUS FILAMENTS	spectrum	How do HCN line maps constrain kinematics without assuming universal density conversion?	Moment0=integral(T_B dv); centroid=sum(T_B*v)/sum(T_B); linewidth from weighted variance; model hyperfine components and optical depth where supported.	Public radio spectral cubes, brightness units, beam, channel width, rest frequency, noise and telescope calibration.	Noise-aware masks, beam matching and baseline checks; compare other molecular tracers; HCN intensity is not directly a unique gas density.	Velocity-channel cube, moment maps, filament position-velocity slices.	Develop a multi-tracer filament atlas with resolution and excitation caveats visible.	ALMA,NRAO
C	A Deep Look at the Nature of Black Holes: Using Tidal Disruption Events to See the Unseeable	SWIFT TIDAL ECHO	transient	Which transient observations constrain black-hole properties rather than reprocessing geometry?	Fallback reference Mdot proportional to (t-tD)^(-5/3) after peak; luminosity requires efficiency, Eddington effects and transfer model; compare flexible empirical light curves.	Public UV/X-ray/optical time series, upper limits, redshift, extinction and event classification provenance.	Posterior predictive tests across bands; alternative AGN/supernova interpretations; avoid unique mass claims from a power-law fit.	Multiband light curves, spectral evolution, parameter degeneracy map.	Build an evidence-linked transient classifier with uncertainty and competing explanations.	HEASARC,MAST
C	Exoplanet Classification using Data Mining	KEPLER PLANET TAXONOMY	classification	Which planet categories remain stable under missing values and measurement uncertainty?	Probabilistic feature model on mass, radius, period and irradiation; rho=3M/(4*pi*R^3); labels are declared research taxonomy, not inferred habitability.	NASA Exoplanet Archive confirmed-planet records with release date, measurement errors, limits and discovery method; missing mass must remain missing.	Group splits by host star, leakage audit, class calibration and uncertainty perturbations; compare transparent baselines.	Mass-radius plane, classification confidence, feature provenance and missingness matrix.	Offer taxonomy comparisons with interpretable boundaries and no life-detection claims.	EXOPLANET,NUMPY
C	The First Magnetar in a Binary System?	CHANDRA MAGNETAR COMPANION	timeseries	What observations distinguish an actual bound companion from a chance alignment?	Compare binary and isolated timing models; mass function f(M)=P*K^3*(1-e^2)^(3/2)/(2*pi*G); association prior uses local source density and astrometry.	Public timing, spectra, astrometry, positional errors and published candidate identity; preserve the question mark and historical context.	Likelihood comparisons, timing noise and chance-alignment tests; non-detection constrains rather than proves absence.	Timing residuals, companion evidence map, candidate probability ledger.	Create a time-stamped hypothesis tracker that never promotes an unconfirmed candidate to discovery.	HEASARC,SIMBAD
C	Taperings and Analytic Continuations of Supernova Gravitational Waves with Memory	LIGO MEMORY BRIDGE	wave	How do finite waveform endpoints change low-frequency memory estimates?	Observed h_window=w(t)*h(t); memory Delta_h=h(late)-h(early); Fourier-domain low-frequency behavior depends on endpoint continuation and window normalization.	Published supernova waveform libraries, sampling intervals, polarization, units and explicit synthetic memory steps; GWOSC noise records for context.	Recover known injected memory; compare taper families and record-length convergence; no invented detection claims.	Time-domain memory and taper, low-frequency spectra, continuation sensitivity.	Develop a waveform packaging standard that preserves DC-offset and asymptotic assumptions.	GWOSC,NTRS
C	Laboratory Analysis of olivine-carbonate mixtures as observed on Mars	PERSEVERANCE MINERAL MIX	mixture	When can spectra distinguish abundance from grain size and mixing geometry?	Areal reference R_mix=sum(f_i*R_i); intimate mixtures need radiative transfer; band depth=1-Rband/Rcontinuum; abundance constraints require grain-size and geometry priors.	USGS reference spectra and PDS rover/orbiter products, wavelength microns, grain size, incidence/emission and calibration.	Independent bands, withheld mixtures and alternative minerals; linear mixture only an educational baseline.	Spectral endmembers, abundance-grain degeneracy, band-depth maps.	Compare rover and orbital observations at matched scale with uncertainty receipts.	USGS_SPECTRA,PDS
C	EagleSat Team: Determining Particle Energy Using CMOS Sensors	EAGLESAT PARTICLE TRAILS	radiation	How much particle information can be recovered from calibrated CMOS charge patterns?	Deposited energy E_dep=N_eh*w; sensor calibration maps ADU to electrons; incident energy requires geometry, material and transport inversion with non-unique solutions.	Authorized sensor frames, darks, flats, gain, exposure, geometry and published detector response; synthetic tracks explicitly labeled.	Dark-current subtraction, saturation masks and independently known response; deposited and incident energy are separate outputs.	Track morphology, charge-cluster histogram, geometry-response schematic.	Build a response-matrix inversion study with regularization and simulated acceptance.	HEASARC,NTRS
C	MW-Andromeda Dark Matter Halo Velocity Dispersion Profiles	GAIA LOCAL GROUP HALOS	gravity	How does environment change halo velocity dispersion in comparable simulated systems?	Jeans reference d(rho*sigma_r^2)/dr+2*beta*rho*sigma_r^2/r=-rho*dPhi/dr; simulation estimator uses shell-centered velocities and selection masks.	Public simulation snapshots or published halo profiles, coordinates, mass resolution, halo definition and Milky Way/M31 selection criteria.	Particle-resolution convergence, anisotropy sensitivity and matched halo masses; dark matter dispersion is not directly observed stellar dispersion.	Radial dispersion bands, halo-pair schematic, sample-selection audit.	Connect simulation predictions to observational tracer limits without implying direct dark-matter measurement.	GAIA,NTRS
C	Evaluation of Supernovae Astrophysical Parameters by Using Machine Learning on Laser Interferometric Data	LIGO SUPERNOVA INFERENCE	classification	Can parameter inference generalize beyond the waveform family used for training?	Whitened strain d=h(theta)+n; posterior approximation q(theta given d) requires calibrated coverage; splits by simulator family, progenitor and noise segment.	Published core-collapse waveforms and GWOSC noise, distance scaling, detector response and injection manifest.	Coverage, simulation-family holdouts and signal-to-noise strata; compare simple likelihood baselines; no astrophysical detections from synthetic runs.	Parameter posterior, coverage curve, waveform-family transfer matrix.	Develop out-of-distribution rejection before presenting physical estimates.	GWOSC,NTRS
C	SKYSURF: Measuring the Brightness of the Sky	HUBBLE DIFFUSE LIGHT	image	Which calibrated foreground components explain measured sky brightness?	I_measured=I_zodiacal+I_Galactic+I_extragalactic+I_instrument; fitted components carry covariance and wavelength-dependent systematics.	MAST HST/SKYSURF calibrated images, exposure headers, sky geometry, dark/flat versions and masks.	Cross-filter consistency, calibration-version comparison and blank-field checks; diffuse residual is not automatically extragalactic light.	Panchromatic sky-brightness map, component budget, exposure-level evidence inspector.	Link every sky estimate to masks, calibration and foreground assumptions.	MAST,SKYSURF
C	Characterizing the Images of Black Hole Shadows	HORIZON SHADOW METROLOGY	image	Which image features reliably constrain emission-ring geometry under reconstruction uncertainty?	Fit elliptical ring intensity plus background convolved with resolution kernel; Schwarzschild shadow scale bcrit=3*sqrt(3)*G*M/c^2; emission ring and shadow need not coincide.	Public EHT releases and synthetic ray-traced images with explicit inclination, plasma model, angular resolution and reconstruction metadata.	Compare independent reconstruction ensembles; inject known rings; quantify width-resolution degeneracy; toy rings do not test general relativity.	Ring fit, residual image, resolution sensitivity, model-versus-observation labeling.	Develop feature-based comparisons across plasma models with honest theory limits.	EHT,NTRS
C	Controlling the Unseen: GIG Undergraduate Optical Research	LIGO OPTICAL SERVO	optics	Can an optical-control model maintain lock under measurement noise and actuator limits?	Closed-loop response T=L/(1+L); L=C*P; linearized cavity response plus sensor noise and saturation; project-specific hardware definition requires primary presentation.	Published optical-control transfer functions, laboratory calibration and authorized controller logs; no powered laser experiment instructions.	Gain/phase margins, disturbance rejection, lock-loss recovery in simulation and nonlinear saturation checks.	Bode plot, cavity/servo schematic, lock-error timeline.	Build a digital control notebook that traces each plant parameter to calibration.	NTRS,NIST
C	Assessing the Performance of the JWST/NIRCam Image Simulator PhoSim-NIRCam	WEBB PIXEL FIDELITY	image	Where does simulator output diverge from independently calibrated NIRCam observations?	Pixel model integrates source SED through throughput and PSF, then detector sampling, noise and artifacts; compare radial encircled energy and astrometric residuals.	MAST NIRCam calibration observations, instrument/filter versions, simulator configuration, gain and exposure.	Hold out filters and fields; compare photometry, PSF and correlated noise; current simulator support/version must be verified independently.	Observed/simulated/residual triptych, encircled-energy curves, detector error map.	Maintain a release-version benchmark registry rather than one global fidelity score.	MAST,WEBB_DOCS
C	Gravitational Wave Calibration Error for Supernovae Core Collapse	LIGO CALIBRATION LENS	wave	How do detector amplitude and phase uncertainty affect burst inference?	d_cal(f)=(1+deltaA(f))*exp(i*deltaPhi(f))*d_true(f); marginalize correlated calibration functions when computing physical parameter posteriors.	Published detector calibration uncertainty and synthetic supernova injections, strain units, frequency grid and noise realization.	Zero-error recovery, known perturbation injections and posterior coverage; avoid treating independent-bin noise as calibration covariance.	Calibration envelope, distorted waveform, parameter-bias surface.	Share a calibration uncertainty interface with the supernova inference and memory projects.	GWOSC,NTRS
C	Investigating the Planet Detection Limit in Debris Disk Images from the Gemini Planet Imager	GEMINI DISK SENTINEL	image	How do disk morphology and processing affect point-source detectability?	Contrast C(r)=flux_planet/flux_star; detection limit determined by injection/recovery through the complete reduction pipeline with throughput and small-sample corrections.	Public GPI datasets, PSF, observing geometry, reduction version and injected companion truth; verify archive access and licensing.	False-positive rate, blind injections and disk-correlated residuals; contrast-to-mass conversion requires age and evolutionary model uncertainty.	Contrast curve, injection map, disk residuals, completeness surface.	Build a recoverability atlas that separates point-source completeness from planet occurrence.	GEMINI,NTRS
C	Characterizing High [OIII]/[OII] and High [OIII] Galaxies to Further LyC Study	HUBBLE IONIZING FRONTIERS	spectrum	When do emission-line ratios support rather than overstate ionizing-photon escape?	O32=F([OIII])/F([OII]); include dust, excitation and aperture effects; escape fraction requires LyC measurement, foreground rejection and intergalactic-transmission model.	MAST spectra/imaging, redshift, line-flux covariance, nondetections and foreground classifications.	Independent line extraction and matched apertures; censored likelihoods; high O32 alone is not proof of LyC leakage.	Line-ratio plane, LyC evidence receipts, foreground contamination map.	Create a multi-evidence escape-fraction notebook with posterior upper limits.	MAST,NED
C	Characterizing the Atmospheres of Low Surface Gravity M-dwarfs	SPITZER DWARF ATMOSPHERES	spectrum	Which spectral features disentangle gravity, temperature, metallicity and clouds?	Forward spectrum F_lambda=atmosphere(T_eff,logg,Z,clouds) convolved with line-spread function; compare model families rather than relying on one template grid.	Public M-dwarf spectra, photometry, parallax, extinction, instrument response and atmosphere-grid version.	Posterior predictive spectra, gravity-sensitive bands and alternative grids; broad priors and degeneracy reporting.	Spectrum/model residuals, gravity-temperature posterior, band-sensitivity diagram.	Link atmosphere inference to independent age and radius constraints.	MAST,GAIA,SIMBAD
C	Predictions for the Observable Autocorrelations of Accreting Black Holes from the Trinity Theoretical Model	CHANDRA TRINITY ECHOES	timeseries	Which predicted correlations survive actual cadence and observation noise?	ACF(tau)=Cov(x_t,x_(t+tau))/Var(x); irregular observations require explicit sampling-window treatment and an observation model for theoretical accretion histories.	Published Trinity outputs/definitions, luminosity histories, survey cadence and noise; model access not assumed.	Red-noise surrogates, cadence-matched forward simulation and uncertainty in accretion-to-luminosity mapping.	Intrinsic/observed autocorrelation, sampling window, prediction envelope.	Build a forward-observation layer that prevents confusing model time steps with telescope cadence.	HEASARC,NTRS
C	Identification of Switchback Intervals in Parker Space Probe Data	PARKER FIELD REVERSALS	plasma	Which field rotations are robust to cadence, gaps and reference-field choice?	theta=acos(B dot B_ref/(abs(B)*abs(B_ref))); classify sustained angular excursions alongside velocity and magnitude; reference field and duration threshold declared.	CDAWeb Parker magnetic/velocity products, UTC, nT, km/s, spacecraft position, cadence and quality flags.	Gap-aware event boundaries, threshold sensitivity and independently reviewed intervals; field reversal alone does not uniquely establish origin.	Field-vector rotation, event timeline, radial context and boundary uncertainty.	Produce an event catalog with reproducible thresholds and observation receipts.	CDAWEB,SPDF
C	Measuring Galactic Wind Frequency and Strength as a Function of Environment	HUBBLE GALACTIC OUTFLOWS	population	Does environment predict outflow incidence after controlling for detection sensitivity?	Incidence modeled as logistic(environment+mass+SFR+inclination); Mdot_out approximately geometry_factor*Mgas*v/R with major geometry and ionization uncertainty.	Spectral outflow diagnostics, galaxy catalogs, redshift, environment definition, mass/SFR estimates and sensitivity.	Matched populations, completeness controls and alternative environment measures; measured line widths are not alone wind speed.	Outflow incidence versus environment, velocity profiles, mass-flow uncertainty budget.	Compare wind evidence and estimator assumptions before aggregating a global feedback claim.	MAST,NED
C	Investigating the Relationship Between Exoplanet Occurrence & Host Star Metallicity	KEPLER METALLICITY CENSUS	population	How does planet occurrence vary with metallicity after accounting for survey completeness?	Detected counts~Poisson(Nstars*occurrence([Fe/H],P,R)*completeness); planet-host metallicity distributions alone cannot estimate occurrence without target denominators.	Exoplanet Archive plus survey target stars, metallicity calibration, injection-recovery completeness and searchable period/radius domain.	Host-group splits, selection-function checks and measurement-error models; compare giant and small-planet regimes separately.	Occurrence-metallicity bands, target/detection distributions, completeness map.	Create a denominator-first catalog workflow that exposes missing survey selection data.	EXOPLANET,MAST
C	The long-period orbit of the dust-producing Wolf-Rayet binary WR 125	SPITZER WR125 DUST CLOCK	spectrum	Can orbital and dust-production histories be constrained jointly despite sparse periastron coverage?	Kepler RV law plus dust light-curve response to phase; solve E-e*sin(E)=M; dust lag and wind geometry are separate nuisance parameters.	Published WR125 RV, infrared photometry, observation dates, spectral response and ephemeris priors.	Alias-aware period posterior, independent epochs and calibration offsets; a dust recurrence is supporting rather than unique orbital evidence.	Orbit schematic, IR/RV phase overlay, period-alias posterior.	Build a sparse-cadence scheduling study to identify observations that reduce degeneracy.	SIMBAD,MAST
C	Improving the Detection of Core-Collapse Supernova Through Experimentation	LIGO BURST RECOVERY	wave	Which detection changes improve sensitivity at a fixed false-alarm rate?	Signal detection based on coherent excess power or matched reference injections; report efficiency(distance, waveform) at fixed background false-alarm rate.	GWOSC detector noise segments, synthetic core-collapse waveforms, detector response and blind injection manifest.	Disjoint noise time, waveform-family holdouts and trials accounting; no sensitivity claim without a complete background experiment.	Efficiency curves, time-frequency burst map, false-alarm tradeoff.	Connect event detection to the inference project only after independent detection calibration.	GWOSC,NTRS
C	Low Frequency Prototype of Laser Interferometer Suspensions for Gravitational Wave Detection	LIGO QUIET PENDULUM	mechanics	Which suspension modes dominate low-frequency motion transmission?	Base-excited oscillator H(omega)=(k+i*c*omega)/(k-m*omega^2+i*c*omega); multistage extension uses mass/damping/stiffness matrices.	Published suspension geometry, masses, resonances, vibration spectra and instrument calibration; educational inert model.	Recover f0=sqrt(k/m)/(2*pi), compare modal fits and check vibration-isolation asymptotes.	Suspension schematic, transmissibility curve, mode shapes and noise budget.	Add uncertainty-aware multistage isolation comparison with no detector-performance certification.	GWOSC,NTRS
C	SPHEREx: The Future of Satellite Astronomy	SPHEREX SPECTRAL ATLAS	coverage	How does a survey strategy translate into spectral coverage and selection effects?	Map visit footprints and spectral response to sky pixels; coverage N(p)=sum(visits containing p); constrain Sun/Moon geometry using mission documentation.	Current official SPHEREx mission information and public products when released; historical title retained and marked as a 2021 title.	Cross-check dates and releases; validate footprint geometry; never present a proposed schedule as actual spacecraft commanding.	Spectral coverage atlas, visit-count map, mission-era timeline.	Connect low-resolution spectra to galaxy and stellar research projects through provenance-preserving products.	SPHEREX,IRSA
C	Narrow-band Filter Photometry Calibration for the Lowell 20''	LOWELL PHOTON STANDARD	calibration	How do filter throughput, extinction and color terms affect absolute photometry?	m_inst=-2.5*log10(counts/exposure); m_standard=m_inst+ZP+kX+c*color; physical flux needs bandpass integration against standard spectra.	Authorized Lowell measurements, CALSPEC standards, airmass, filter transmission, gain, dark and flat versions.	Independent standards, nightly holdouts and nonlinearity checks; Vega assumptions and magnitude system explicit.	Zero-point versus airmass, throughput overlay, residual-color relation.	Create calibration receipts reusable by every imaging and spectral project.	CALSPEC,NIST
C	Energy Balance at Interplanetary Shocks: In-situ Measurement of the Fraction in Energetic Protons with ACE and Wind	ACE SHOCK ENERGY LEDGER	plasma	What fraction of a defined shock energy flux is carried by measured energetic protons?	Reference kinetic flux=0.5*rho*u_shock^3; energetic particle flux integrates distribution over instrument energy/angular acceptance; use shock-frame conservation laws.	ACE/Wind plasma, magnetic and energetic particle products, response, shock normals and upstream/downstream intervals.	Cross-spacecraft timing, frame consistency, uncertainty in shock speed and energy coverage; missing energy bins are not zero contribution.	Shock-aligned timeline, energy-flux budget, angular/energy coverage.	Maintain conservation-law checks alongside every reported efficiency.	CDAWEB,SPDF
C	The Origins of Supermassive Black Holes	WEBB COSMIC SEEDS	population	Which observations distinguish seed scenarios after accounting for growth and selection?	dM/dt=(1-epsilon)*L/(epsilon*c^2); compare seed mass, duty cycle, Eddington ratio and merger histories using selection-aware population likelihoods.	Published high-redshift candidates, spectra, redshift confidence, mass-estimator uncertainty and selection functions.	Alternative stellar/AGN interpretations, luminosity completeness and prior sensitivity; a rapid-growth toy curve is not a seed detection.	Seed-growth trajectories, observed selection window, scenario evidence matrix.	Design information-gain comparisons for future observations without implying guaranteed discrimination.	MAST,HEASARC,NED
D	Experimental Investigation of Active Vortex Generators	XPLANE VORTEX LAB	fluid	Which activation choices change separation while accounting for actuator energy?	CL=L/(0.5*rho*U^2*S), CD=D/(0.5*rho*U^2*S); unsteady Navier-Stokes plus controlled boundary condition; compare incremental lift/drag and net power.	Published wind-tunnel force data, Reynolds number, geometry, actuation state, uncertainty and synchronized flow images.	Baseline repeats, balance calibration and matched Reynolds number; actuation benefit must include actuator power.	Separation overlay, lift/drag polar, flow-control energy tradeoff.	Connect measured flow changes to a uncertainty-aware control schedule in simulation.	NASA_CFD,NTRS
D	Stall Hysteresis: Why the reattachment angle is less than the separation stall angle	XPLANE STALL MEMORY	fluid	Which sweep-rate and boundary-layer factors explain distinct stall and reattachment paths?	Lag model dx/dt=(x_eq(alpha)-x)/tau; CL blends attached and separated states; upward/downward sweeps share physical state history.	Published alpha/lift time series, Reynolds number, reduced pitch rate, surface condition and repeat runs.	Sweep-rate dependence, quasi-static limit and repeatability; model hysteresis is descriptive until independently validated.	Lift-angle hysteresis loop, separation-state timeline, sweep-rate comparison.	Build an educational state-history explorer with traceable wind-tunnel references.	NASA_CFD,NTRS
D	Optimizing Autorotating Sensor Probe Design for Space Exploration	DRAGONFLY AUTOROTOR	mechanics	Which geometry tradeoffs reduce descent speed without sacrificing sensing or stability?	Vertical force m*dv/dt=m*g-0.5*rho*CD*A*v^2; rotational I*domega/dt=torque_aero-torque_loss; coupled autorotation requires validated aerodynamic coefficients.	Published descent studies, mass, geometry, air density and attitude measurements; synthetic trajectories for reference only.	Terminal-speed limit, dimensional consistency and independent descent data; Earth coefficients do not transfer directly to Mars.	Descent trajectory, rotor schematic, stability-versus-payload Pareto frontier.	Compare planetary environment envelopes with explicit coefficient uncertainty.	NTRS,NASA_CFD
D	Low Frequency Unsteadiness in Laminar Separation Bubbles	XPLANE BUBBLE DYNAMICS	fluid	Which low-frequency modes persist after accounting for acquisition and flow-state changes?	Strouhal St=f*L/U; analyze pressure/velocity spectra and coherence; reduced oscillator only a hypothesis, full model requires resolved boundary-layer dynamics.	Published time-resolved pressure/PIV, frame rate, tunnel conditions, spatial resolution and acquisition windows.	Anti-aliasing, record-length convergence, station coherence and independent runs; avoid assigning causation from one spectral peak.	Pressure spectrogram, bubble-length timeline, coherent-mode shapes.	Link modal observations to competing feedback-mechanism explanations.	NASA_CFD,NTRS
D	Validating a New CFD Algorithm by Finding the Drag Coefficient of a Sphere	XPLANE SPHERE BENCHMARK	fluid	Does numerical drag converge to appropriate reference behavior across Reynolds regimes?	Re=rho*U*D/mu; CD=Fd/(0.5*rho*U^2*A); creeping-flow CD=24/Re; integrate pressure and viscous forces separately.	Published sphere benchmarks, domain size, mesh, solver tolerances, boundary conditions and drag history.	Stokes limit, mass conservation, grid/time convergence and domain-size study; empirical correlations are not the new CFD solver.	Drag-Re curve, convergence plot, wake schematic and force budget.	Use a benchmark manifest to prevent comparing different geometries or normalization areas.	NASA_CFD,NTRS
D	CIS Aviation-ISAC	AEROGUARD TRUST DESK	governance	How can aviation defenders turn permitted advisories into traceable remediation decisions?	Asset-control-advisory evidence graph; prioritize by owned-asset relevance, exposure and mitigation status; no automatic exploitation or third-party probing.	Public Aviation-ISAC/CISA information and explicitly authorized internal asset inventory; membership-only material stays private.	Source verification, advisory revision tracking and owner-reviewed relevance; distinguish reported vulnerability from confirmed local exposure.	Advisory lineage graph, mitigation coverage matrix, defensive response timeline.	Build a local evidence notebook with exportable remediation receipts and human approval of actions.	AVIATION_ISAC,CISA,NIST_CSF
D	Characterization of a Hypersonic Wind Tunnel Nozzle	XPLANE NOZZLE METROLOGY	fluid	How do measured nozzle conditions depart from idealized compressible-flow predictions?	Ideal reference A/Astar=(1/M)*[(2/(gamma+1))*(1+(gamma-1)*M^2/2)]^((gamma+1)/(2*(gamma-1))); actual flow requires boundary-layer and real-gas corrections.	Published tunnel pressure/temperature surveys, facility geometry, calibration and uncertainties; non-operational analysis only.	Mass-flow consistency, pitot corrections, uniformity and real-gas limits; ideal area-Mach is not a facility design certification.	Mach-area relation, test-section uniformity map, uncertainty budget.	Develop a calibration evidence map tied to a named published test facility.	NASA_CFD,NTRS
D	Suborbital Uncrewed Aerial Vehicles for Earth Surveillance and Mars Exploration	ARES PLANETARY GLIDER	flight	What conceptual sensing missions are feasible under atmospheric and energy constraints?	L=0.5*rho*V^2*S*CL, D=0.5*rho*V^2*S*CD; energy/time/coverage budgets couple lift requirements to payload and atmospheric uncertainty.	Published atmospheric profiles, aircraft aerodynamic references and non-identifying environmental sensing requirements.	Mass/energy closure, coefficient domain checks and simulated contingency margins; no operational surveillance, launch plan or flight-ready design.	Earth/Mars envelope comparison, mission trade matrix, educational vehicle model.	Connect remote environmental observations to resource and calibration budgets.	NTRS,PDS
E	Phoenix College: Video Streaming and DNA Studies	ASCEND PHOENIX SKYLINK	telemetry	How can video, sensor and published DNA-study evidence share an auditable mission timeline?	Video time=t0+frame_index/fps with drift correction; packet delivery ratio=valid_received/sent; biological branch uses published evidence only and separate controls.	2021 symposium project provenance; Drive Spring 2025 deck provides later payload context, not DNA results or raw telemetry; authorized logs/footage needed.	Clock-offset checks, dropped-frame accounting and sensor fault isolation; never treat the 2025 deck as validation of the 2021 study.	Synchronized mission replay, subsystem diagram, separate DNA-evidence panel.	Create a fail-tolerant replay format where one missing sensor never terminates the mission record.	DRIVE_PC,ASCEND,NASA_SE
E	Project Helix	ASCEND HELIX VAULT	telemetry	How can a balloon payload preserve environmental context and sample-study provenance?	Rigid-body attitude and time-aligned environmental records; payload compartment geometry plus thermal network; biological interpretation remains a published-evidence review.	2021 source records define historical scope; geometry, inert sample placeholders, sensor metadata and authorized flight logs; no biological exposure protocol.	Time synchronization, missing-sensor behavior, geometry/center-of-mass review and independent environmental calibration.	Exploded payload shell, sensor bus diagram, altitude/attitude replay.	Build a modular virtual payload with inert educational compartments and explicit historical-versus-proposed labels.	ASCEND,NASA_SE
E	UArizona ASCEND: Profiling High-Altitude Radiation with a General Data Logger	ASCEND RADIATION LADDER	radiation	How does detector count rate vary with altitude after exposure and detector-response correction?	Counts N~Poisson(rate*live_time); rate=N/live_time; uncertainty sqrt(N)/live_time is large-count approximation; count rate is not dose without response calibration.	Authorized flight UTC, altitude m, live time s, detector counts, thresholds, dead time and pressure/temperature.	Exact Poisson intervals at low counts, altitude-bin exposure correction and response stability; compare ascent/descent and independent detector evidence.	Altitude-count profile, exposure coverage, response uncertainty.	Link radiation records to mission timing and sensor health with no astronaut dose claim.	ASCEND,HEASARC
E	A Measurement of the Concentration of Greenhouse Gases as Altitude Increases	ASCEND ATMOSPHERIC COLUMN	calibration	Can a vertical gas profile be separated from pressure, humidity and sensor cross-sensitivity?	Mixing ratio x=n_species/n_air; number density n=P/(kB*T); sensor response y=f(x,P,T,RH,interferents). Tropospheric mixing invalidates a simple heavier-gases-sink interpretation.	Authorized calibration and flight observations, pressure Pa, temperature K, humidity, response time, units and sensor type; no measurements supplied.	Pressure/temperature chamber data where authorized, zero/span drift and ascent/descent comparison; broad gas sensors cannot establish species-specific concentrations.	Corrected/raw profiles, cross-sensitivity matrix, altitude coverage.	Build a sensor suitability review before publishing any gas-concentration claim.	NOAA,NIST,ASCEND
E	EagleSat Team: Design and Refinement of 3U CubeSat Structure	EAGLESAT ORION FRAME	structure	Which structural changes improve mass, modal behavior and interface compatibility?	FEA K*u=f; modal (K-omega^2*M)*phi=0; evaluate mass, center of gravity and static margins against verified interface requirements.	Historical EagleSat provenance; conceptual 3U envelope, material properties, interface-control documents and mesh metadata; educational geometry is not manufacturer CAD.	Mesh convergence, analytical beam checks and reviewed load cases; no flight qualification without vibration/thermal testing and approved requirements.	Rotatable educational 3U model, exploded subsystem stack, modal shape schematic.	Develop a parameterized mass/interface ledger connecting structural revisions to verification evidence.	CUBESAT,NASA_SE,NTRS
E	Study of Thermal Heat Transfer Within a High-Altitude Balloon Payload	ASCEND THERMAL SHELTER	thermal	Which boundary conditions determine payload temperature during ascent and descent?	C_i*dT_i/dt=Q_i+sum(Gij*(Tj-Ti))+absorbed radiation-emitted radiation; convection depends on pressure, geometry and flow; use Kelvin in radiation.	Authorized component power, geometry, materials, atmospheric profiles, sun angle and sensor calibration.	Energy balance, independent thermistors and time-step convergence; evaluate contact-conductance and convection uncertainty.	Thermal network, predicted/measured temperature, heat-flow budget.	Create an uncertainty-aware heater/power study without claiming flight-qualified limits.	DRIVE_PC,NASA_SE,NTRS
E	Glendale Community College (GCC) ASCEND Team	ASCEND GCC FLIGHT ARCHIVE	telemetry	How can a broad team project become a reproducible mission record without inventing objectives?	Mission evidence schema organizes payload requirement, channel calibration, flight event and exported result; specific physical models attach only after mission requirements are verified.	Original GCC project citation and authorized team presentation/logs; scope details remain pending rather than inferred from the team name.	Completeness audit, clock consistency and source-level review; missing mission details are visible research gaps.	Payload evidence map, event timeline, channel health matrix.	Build a reusable student mission archive template with requirement-to-result traceability.	ASCEND,NASA_SE
E	EagleSat Team: Development and Implementation of a Self-Contained Harness for In-House Integration, Verification, and Testing of CubeSat Electric Power Systems	EAGLESAT POWER PROVING GROUND	power	How can a simulated EPS test harness demonstrate requirement coverage and fault response?	Bus balance Psource-Pload-Ploss=dE/dt; state-machine tests cover undervoltage, load shedding and recovery; simulated loads are bounded and explicit.	Authorized EPS requirements, interface maps, component ratings and published verification examples; no hardware commands or energized testing included.	Requirement-to-test matrix, negative tests, clock/packet integrity and independent power accounting; simulation passes do not qualify flight hardware.	Harness wiring schematic, bus energy ledger, fault-sequence replay.	Build an offline test-vector generator with test evidence signed to configuration versions.	NASA_SE,CUBESAT
F	Communication and Exploration	VOYAGER MISSION VOICES	outreach	Which communication designs improve understanding while preserving scientific uncertainty?	Pre/post understanding measured with validated questions; effect=change_intervention-change_comparison; qualitative themes are coded with disagreement recorded.	Consented anonymous feedback, accessibility evaluation, published education studies and claim-source mapping.	Avoid leading survey questions, self-selection claims and engagement-as-learning substitution; preregister evaluation before audience testing.	Audience journey, comprehension change intervals, accessibility/claim matrix.	Build multilingual evidence narratives that allow readers to inspect assumptions and alternatives.	NASA_STEM,NASA_SE
F	The Impact and Importance of Science Writing	APOLLO EVIDENCE EDITOR	outreach	How does a science narrative retain accuracy while improving reader comprehension?	Claim ledger assigns every material statement a source, date, evidence class and uncertainty; readability scores support editing but do not measure scientific accuracy.	Primary-source research, editorial versions, consented reader feedback and accessibility checks; original authors retain credit.	Blind factual review, source-date audit and comprehension testing; distinguish quotation, paraphrase and original interpretation.	Claim-to-source graph, revision comparison, comprehension uncertainty.	Create an exportable evidence packet with corrections and unresolved claims visible.	NASA_STEM,NASA_SE
G	Ex Vivo Analysis of Multi-Sensory Device for Bone Strain Monitoring	ORION BONE LOAD OBSERVATORY	mechanics	Which sensor combinations resolve strain while controlling calibration and placement uncertainty?	epsilon=DeltaL/L; linear reference sigma=E*epsilon; multi-sensor y=H*strain_state+noise with conditioning and temperature effects.	Published ex-vivo measurements or authorized deidentified test data, sensor orientation, load, calibration and specimen metadata.	Independent load-cell comparison, repeated calibration and cross-talk checks; ex-vivo performance is not clinical efficacy.	Strain rosette, sensor residuals, observable-mode diagram.	Develop an inert beam analogue for educational sensor fusion with explicit biological transfer limits.	NIST,NTRS
G	Minimizing Local Electromagnetic Interference Using Adaptive Filters	VOYAGER QUIET CHANNEL	adaptive	Can reference-channel filtering remove interference without erasing the desired signal?	NLMS w_next=w+mu*e*x/(epsilon+x dot x); e=d-w dot x; reference must correlate with interference and remain independent of desired signal.	Synthetic desired/reference/interference signals or authorized recordings, sample rate, clock alignment and gain metadata.	Measure signal distortion as well as residual noise; test desired-signal leakage into reference and convergence under nonstationary interference.	Before/after spectra, learning curve, desired-signal fidelity.	Create a receive-only analysis notebook with transparent filter coefficients and provenance.	NTRS,NUMPY
G	Measuring Antenna Patterns for Ground Station	DEEP SPACE BEAM MAP	antenna	How do calibration and site reflections affect inferred antenna gain patterns?	Normalized ideal dipole power proportional to (cos((pi/2)*cos(theta))/sin(theta))^2; real gain from calibrated substitution includes cable loss and polarization.	Published antenna patterns or authorized measurement logs, angle, frequency, reference gain, path geometry and uncertainty.	Normalization/integrated-power checks, far-field assumptions, reflection and polarization controls; illustrative pattern is not measured ground-station gain.	Polar radiation pattern, 3D educational beam surface, calibration uncertainty.	Join pattern evidence to link-budget analysis with separate atmospheric and pointing losses.	NTRS,NIST
G	Photocurable nanocomposites for customizable cartilage replacements	ORION MATERIALS MATRIX	materials	Which published mechanical properties support a material comparison without implying implant readiness?	Linear viscoelastic reference stress(t)=integral(G(t-s)*dstrain/ds ds); generalized Maxwell G=sum(G_i*exp(-t/tau_i)); separate rheology, mechanics and biocompatibility.	Published modulus, relaxation, swelling and cytocompatibility results with units, conditioning and replicate metadata; no fabrication or clinical procedure.	Compare strain/rate domains and batch effects; independent residual checks; no inference of safe implantation from mechanical fit.	Relaxation spectra, modulus/rate map, evidence maturity matrix.	Develop an uncertainty-aware materials comparison and unmet-validation ledger.	NIST,PUBMED
G	Mars In-Situ Resource Utilization for Health Applications	ARES HEALTH RESOURCES	systems	Which resource concepts remain plausible after accounting for contaminants, energy and health evidence?	System mass/energy ledger tracks resource -> processing -> verified product -> application; resource availability and product fitness are independent requirements.	PDS Martian resource context, published ISRU studies and health evidence; no medical synthesis, treatment or astronaut-use protocol.	Contaminant evidence, transport mass, energy and process maturity; separate planetary feasibility from biological safety and efficacy.	Resource-to-evidence system map, mass/energy trade space, validation gaps.	Build a comparative architecture notebook with explicit barriers to health application.	PDS,NTRS,PUBMED
G	Direct Air Capture Using Moisture Swing Chemistry	TERRA CARBON SWING	adsorption	What moisture-dependent sorption behavior is supported under a closed carbon and energy balance?	q=f(relative_humidity,pCO2,T); cyclic captured mass=integral(flow*(Cin-Cout) dt); net removal subtracts process emissions and losses.	Published sorption/kinetic measurements, inlet/outlet CO2, humidity, temperature, cycle duration and energy boundaries; no chemical preparation instructions.	Instrument drift, blank cycles, desorption closure and lifecycle assumptions; captured carbon is not net atmospheric removal by itself.	Humidity-sorption hysteresis, cycle mass balance, net-removal scenarios.	Compare operating concepts using published parameters and honest water/energy uncertainty.	NREL,NIST
G	An Introduction to Systems Engineering: Building a Monochromator Mount	APOLLO SPECTRAL BENCH	structure	Which mount design meets alignment, stability and maintainability requirements with verifiable margins?	Grating m*lambda=d*(sin(alpha)+sin(beta)); mount tolerance propagation sigma_lambda^2=J*Cov(angles)*J^T; structural and thermal errors tracked separately.	Authorized instrument dimensions, interface requirements, material properties, alignment/calibration data and requirements versions.	Tolerance stack, static deflection and thermal expansion checks; independent calibration; educational CAD is not production-ready hardware.	Mount exploded view, optical path, alignment sensitivity budget.	Use requirement-to-verification traceability as the teaching artifact rather than merely rendering a bracket.	NASA_SE,NIST
G	Mediated Liver Regeneration	ORION REGENERATION EVIDENCE	bioanalysis	Which published mechanisms can be represented without overclaiming causality or treatment relevance?	Conceptual state model dH/dt=proliferation-signaled loss; causal graph separates observed associations, experimentally supported links and hypothetical feedback.	Peer-reviewed mechanistic evidence and public omics; original project is listed as title-only in the historical program; no clinical or therapeutic optimization.	Parameter identifiability, alternative mechanisms and independent evidence; avoid treating an unvalidated ODE as a medical prediction.	Mechanism evidence graph, identifiability map, research-gap ledger.	Build a transparent literature model where unsupported links cannot masquerade as fitted biology.	PUBMED,GEO
H	USGS Science Center: Solar System Exhibit Captions	VOYAGER WORLDS GALLERY	outreach	Can exhibit captions communicate planetary comparisons with accurate scale and provenance?	Scale map transforms physical radius and distance to explicitly declared display scales; claim ledger records mission, date and image credit.	USGS/NASA planetary fact sheets, PDS imagery and published exhibit context; asset permissions and captions verified individually.	Unit/scale checks, accessibility review and scientific editorial review; separate artist concepts from observations.	Scaled world comparison, source-linked exhibit panels, annotated mission imagery.	Offer layered captions for quick reading and deeper evidence inspection.	USGS_GEO,PDS,NASA_STEM
H	Calibration of Images from the OSIRIS-REx Camera Suite	OSIRIS BENNU PHOTOMETRY	calibration	How do calibration choices affect quantitative OCAMS image interpretation?	Reference signal=(raw-bias-dark)/(flat*exposure); conversion to radiance and I/F requires instrument coefficients and solar geometry; use the official pipeline for science output.	PDS OCAMS raw/calibrated products, calibration files, exposure, filter, geometry kernels and product versions.	Official-product comparison, saturation/bad-pixel masks and calibration version audit; a simplified correction is not the OCAMS calibration pipeline.	Raw/calibrated/residual view, Bennu geometry context, coefficient lineage.	Build a calibration inspector that retains raw data and records every transform.	PDS,NAIF
H	Magnetic Anomalies in the South Polar Region of the Moon	ARTEMIS LUNAR MAGNETISM	magnetism	Which anomaly geometries are supported by orbital magnetic measurements?	Dipole B=mu0/(4*pi*r^3)*(3*(m dot rhat)*rhat-m); inversions require altitude, vector frame, external field removal and regularization.	PDS lunar magnetometer products, spacecraft geometry, nT vectors, altitude and quality flags.	Independent passes, altitude continuation stability and regularization sensitivity; non-unique dipoles do not identify a unique buried source.	South-polar anomaly map, vector field, inverse-model uncertainty.	Compare competing crustal source families with explicit non-uniqueness.	PDS,NAIF
H	Exploring Carbon-bearing Matter in an Antarctic Micrometeorite	STARDUST CARBON GRAINS	spectrum	What microanalytical evidence distinguishes extraterrestrial carbon from contamination?	Isotope delta=1000*(Rsample/Rstandard-1); spectra and spatial isotope maps interpreted jointly with matrix and instrumental effects.	Published microscopy/spectroscopy, standards, blank controls, spatial resolution and sample history; no extraction procedure.	Instrument fractionation, substrate blank, spot-size mixing and independent analytical evidence; carbon detection alone does not establish biological origin.	Micrograph-linked spectra, isotope map, contamination evidence ladder.	Create a sample evidence passport that distinguishes measurement from origin interpretation.	PDS,USGS_SPECTRA
H	Supporting the Climate Change Department	TERRA COMMUNITY CLIMATE	governance	How can community-led climate support preserve authority, priorities and data sovereignty?	Decision/evidence matrix links community-approved objective, climate hazard, source, uncertainty and reviewed adaptation option; no invented departmental mandate.	Original project context, authorized community materials and official climate products; permissions and intended audience precede publication.	Community review, scenario-date audit and geographic representativeness; do not repackage private or Indigenous knowledge as public open data.	Adaptation evidence timeline, approved regional context, source/permission ledger.	Build reusable briefings with correction pathways and community-controlled publication boundaries.	NOAA,NASA_SE
H	Variability of Martian Wrinkle Ridges	MRO RIDGE ARCHIVE	geology	Which observed ridge differences reflect tectonics rather than imaging and mapping bias?	Measure ridge height, width and spacing from calibrated topography; compare deformation scenarios via geometric/elastic reference models with units and resolution stated.	PDS MOLA/HiRISE/CTX products, DEM uncertainty, mapped units, crater chronology and observation geometry.	Independent mapping, resolution matching and slope/lighting controls; morphology alone cannot uniquely date or explain stress history.	Ridge profile stacks, terrain drape, scenario-evidence matrix.	Connect ridge geometry to regional geologic history through falsifiable alternatives.	PDS,USGS_GEO
H	Increasing CO Gas Detections in Protoplanetary Disks	ALMA KEPLERIAN STACK	spectrum	Does velocity-aligned stacking increase detection reliability at a controlled false-positive rate?	v_los=sqrt(G*Mstar/r)*sin(i)*cos(phi)+v_sys; shift spectra to expected velocities then stack using inverse variance and correlated-noise correction.	ALMA cubes, channel response, beam, stellar mass, distance, inclination, isotopologue rest frequency and noise covariance.	Blind injections, off-line stacks and geometry perturbations; optical depth and abundance prevent direct gas-mass inference.	Disk channel maps, aligned spectrum, injection-recovery efficiency.	Build a stack receipt documenting every geometry and weighting assumption.	ALMA,NRAO
H	Investigating the Origin of Fine-Grained Rims in Mighei-like Carbonaceous Chondrites	STARDUST RIM CHRONICLE	materials	Which microstructural observations discriminate competing rim-formation histories?	Grain-size distributions and rim thickness measured with resolution correction; compare accretion, compaction and alteration scenarios using explicit evidence likelihoods.	Published electron microscopy, mineral maps, sample preparation metadata, particle boundaries and analytical resolution.	Independent annotations, segmentation sensitivity and stereological bias; one 2D section cannot uniquely reconstruct a 3D growth history.	Annotated rim cross-section, size distributions, competing-origin evidence map.	Build a multiscale sample passport linking microstructure to isotopic and mineral evidence.	PDS,USGS_SPECTRA
H	Trends in Mineralogy and Grain Size Distribution Across Paleolake Basins on Mars	MRO ANCIENT LAKE ATLAS	mixture	Which mineral/grain-size patterns survive spectral, atmospheric and resolution uncertainty?	Spectral inverse model y=forward(mineral fractions,grain size,geometry)+noise; constrained fractions sum to one; grain size and composition can be strongly degenerate.	PDS CRISM/terrain imagery, calibrated spectra, atmospheric corrections, spectral library and basin mapping.	Independent bands, alternative atmospheric corrections, withheld reference spectra and scale matching.	Paleolake transects, mineral posterior maps, grain-size degeneracy diagram.	Connect basin observations to sedimentary hypotheses with evidence-level labels.	PDS,USGS_SPECTRA
I	Rocket Development Lab Team: The Effects of Equivalence Ratio during shutdown of a rocket engine on hardware longevity	APOLLO SHUTDOWN DURABILITY	thermal	What published transient evidence links shutdown conditions to thermal/material damage?	Equivalence ratio phi=(fuel/oxidizer)/(stoichiometric fuel/oxidizer); retrospective damage proxy integrates temperature/stress exposure, with chemistry and fatigue models requiring validated material data.	Published shutdown time series, thermal measurements, inspection results and material properties; no engine control sequence or firing instructions.	Compare multiple shutdown histories, thermal cycles and inspection evidence; correlation does not establish a safe shutdown procedure.	Transient thermal ledger, material evidence map, damage-model sensitivity.	Create a non-operational durability study with explicit unvalidated-model boundaries.	NTRS,NIST
I	Rocket Development Lab Team: Thermal Management Analysis of Water-Cooled Rocket Engine	APOLLO HEAT SHIELD	thermal	Which measured heat-transfer assumptions dominate cooling-model uncertainty?	Wall conduction q''=k*(Thot-Tcold)/thickness; coolant Q=m_dot*cp*DeltaT; couple transient wall capacitance with uncertain heat-transfer coefficients.	Published thermal test data, material properties and heat balance; generic nondimensional educational parameters only; no build or firing procedure.	Hot/cold-side heat closure, mesh/time convergence and measured temperatures; exclude unvalidated boiling assumptions.	Wall-temperature field, coolant heat balance, uncertainty budget.	Develop a benchmark thermal network transferable to non-combustion educational fixtures.	NTRS,NIST
I	Rocket Development Lab Team: Cooling Channel Geometry Analysis for a Regeneratively Cooled Rocket Engine	APOLLO CHANNEL TRADE SPACE	thermal	How do generic channel geometry tradeoffs affect cooling and pumping burdens?	Hydraulic diameter Dh=4A/Pwet; pressure loss=friction_factor*(L/Dh)*rho*v^2/2; heat transfer depends on Reynolds/Prandtl regime and geometry validity.	Published channel heat-transfer/pressure-drop benchmarks, geometry ratios and material properties; educational comparison only, not detailed engine design.	Correlation domain checks, independent benchmark and heat/pressure balance; include roughness, uncertainty and thermal stress.	Nondimensional cooling/pumping frontier, channel schematic, model-validity masks.	Produce a Pareto notebook that refuses unsupported extrapolation and fabrication-ready claims.	NTRS,NIST
I	EagleSat Team: On-board Computer Subsystem	EAGLESAT FLIGHT BRAIN	telemetry	Can a software-only OBC model preserve telemetry and recover from simulated faults?	Finite-state machine with boot, nominal, degraded and safe states; triple modular voting majority(a,b,c); packet sequence, checksum and watchdog timing modeled explicitly.	Historical EagleSat provenance, authorized interface requirements and synthetic fault/test vectors; no uploaded flight software.	Single-channel corruption, reboot, packet replay and missing sensor tests; TMR cannot eliminate common-mode failures.	OBC state diagram, subsystem bus, fault recovery timeline.	Build an offline verification harness with deterministic fault injection and requirement coverage.	CUBESAT,NASA_SE
I	Pico Balloon Platform for Atmospheric Exploration	ASCEND PICO PATHFINDER	flight	Which sensing concepts fit a very small balloon mass and energy budget?	Buoyancy=(rho_air-rho_gas)*V*g; payload/system mass closes lift budget; harvested energy and sensor duty cycle evaluated against atmospheric scenarios.	Official atmospheric references, component specifications and published balloon studies; hypothetical configuration and environmental sensing only.	Mass/energy closure, temperature/pressure response and scenario sensitivity; no flight authorization or launch-ready prediction.	Buoyancy envelope, power duty cycle, payload subsystem model.	Link long-duration observation concepts to telemetry coverage and provenance.	NOAA,NTRS,ASCEND
I	Designing and Exploring the Structure of Launch Vehicles to Create Optimal Theoretical and Small-Scale Experimental Models	APOLLO STRUCTURAL ANALOGUE	structure	Which inert small-scale structures reproduce selected stiffness and modal behavior?	Beam bending EI*y''''=q; Euler buckling Pcr=pi^2*EI/(K*L)^2; similarity requires declared mass/stiffness scaling, not only geometric resemblance.	Published structural loads and materials, inert specimen geometry and authorized bench measurements; no propulsion or launch design.	Analytic limits, mode-shape comparison and imperfection sensitivity; scaling cannot reproduce all flight loads simultaneously.	Structural load path, buckling modes, scale-validity matrix.	Create a parameterized inert educational model with a reproducible mass and stiffness ledger.	NASA_SE,NTRS
I	CatSat Groundstation Command and Control	CATSAT MISSION REHEARSAL	governance	How can offline command rehearsal prevent stale, malformed and unauthorized requests?	Offline state model validates role, command schema, monotonic sequence, expiry and spacecraft-state preconditions; mock responses only.	Published mission architecture and authorized interface descriptions; no live spacecraft endpoints, credentials, uplink or commands transmitted.	Malformed packet, replay, expired authorization and conflicting-state tests; audit event records; maintain explicit simulation mode.	Ground/space interface diagram, mock command timeline, permission-state matrix.	Build a reviewable command simulator with evidence receipts and a hard boundary against live operation.	NASA_SE,CUBESAT,NIST_CSF
I	Julia 1.2 Ephemeris and Gravitational Modeling Development	JPL ORBIT CLOCK	orbit	Can a reproducible gravitational integrator match reference ephemerides within a declared model domain?	d2r_i/dt2=sum_j(G*M_j*(r_j-r_i)/abs(r_j-r_i)^3); reference two-body velocity Verlet; real ephemeris comparison requires frame/time-scale and force-model alignment.	Horizons/NAIF state vectors, center, frame, epoch, time scale, GM and uncertainty; Julia 1.2 retained as historical title, not recommended runtime.	Energy/angular-momentum convergence for two-body case; independent Horizons comparison only with matched metadata; no flight-navigation claim.	3D educational orbit, conserved quantities, ephemeris residual timeline.	Develop language-independent reference vectors and reproducible integrator benchmarks.	HORIZONS,NAIF
I	Simulation and Evaluation of a Mechanical Hopping Mechanism for Robotic Small Body Surface Exploration	OSIRIS HOPPER LAB	mechanics	When does a hop remain bounded under uncertain gravity, terrain and contact behavior?	Ballistic reference range=v0^2*sin(2theta)/g and height=v0^2*sin(theta)^2/(2g); small-body research model adds irregular gravity, rotation and contact dynamics.	Published small-body gravity/shape models, inert mechanism measurements and synthetic contact parameters.	Flat-ground analytic limits, energy accounting and restitution sensitivity; constant-g trajectories are not asteroid mission predictions.	Hop trajectories, contact-energy ledger, terrain/gravity uncertainty.	Build a conceptual mobility trade study with explicit escape and contact-model limits.	PDS,NTRS
I	Spacecraft Attitude Control Implementation and Development	ORION ATTITUDE STUDIO	attitude	Can a reference controller settle attitude under bounded torque and sensor uncertainty?	q_dot=0.5*Omega(omega)*q; J*omega_dot+omega cross Jomega=tau_control+tau_disturbance; quaternion PD feedback with torque saturation and sign-equivalent attitude handling.	Synthetic inertia kg*m^2, initial attitude, rate rad/s, torque N*m and sensor noise; no flight controller integration.	Quaternion norm, zero-torque conservation, saturation and step convergence; compare multiple axes and inertia conditions.	Rotatable CubeSat, quaternion error, rate/torque histories.	Link controller gains to settling and actuator-budget tradeoffs with no flight qualification.	NASA_SE,NTRS
I	Measurements of the Sky	HUBBLE SKY RECEIPTS	image	How can archival sky measurements be audited independently of their downstream interpretation?	Exposure-level estimator y=background statistic with calibrated gain, masks and units; track raw -> calibrated -> masked -> measured -> interpreted lineage.	MAST HST exposures and SKYSURF context, observation geometry, calibration versions and rejection reasons.	Independent estimator comparison, calibration changes and repeat fields; preserve this project separately from the SKYSURF science and simulation projects.	Exposure quality board, provenance graph, sky-estimate comparison.	Build an evidence-first archival workbench where a result is inseparable from its receipt.	MAST,SKYSURF
I	Heuristic Optimization Applied to Orbital Transfers Between Low-Planetary Orbits and Distant Retrograde Orbits	ARTEMIS TRANSFER COMPASS	orbit	Can heuristic searches improve conceptual transfer tradeoffs without hiding constraint violations?	CR3BP rotating-frame equations plus impulsive maneuvers; objective deltaV=sum(abs(delta_v_i)) with explicit time, clearance and endpoint constraints; compare simple baseline solutions.	Published Earth-Moon constants, coordinate frames, boundary states and reference trajectory studies; no operational guidance or spacecraft commanding.	Constraint residuals, Jacobi invariant between impulses, multiple seeds and integrator convergence; two-body demos are not DRO transfer solutions.	Conceptual rotating-frame trajectories, objective/constraint frontier, convergence by seed.	Develop a research-grade constrained benchmark after independent CR3BP verification.	NAIF,NTRS
I	A Study of the Deflection of 99942 Apophis from Earth	OSIRIS APOPHIS CONTEXT	orbit	How can historical deflection scenarios be explained without misrepresenting current impact assessments?	Public-data orbit uncertainty and conceptual delta-v sensitivity; impact probability requires official covariance propagation and planetary encounter dynamics, not a toy linear offset.	Current JPL CNEOS/Horizons object information, assessment date, covariance/solution identifiers and historical project citation.	Verify current risk statements directly from official records; distinguish historic study, illustrative scenario and present trajectory; no mission or deflection operation.	Historical/current assessment timeline, encounter geometry schematic, uncertainty explanation.	Create a planetary-defense evidence notebook that defaults to current official context.	CNEOS,HORIZONS,NTRS
