id	title	url	status	role	limitations
ASCEND	2021 Arizona NASA Space Grant Symposium booklet	https://spacegrant.arizona.edu/sites/spacegrant.arizona.edu/files/AZSGC%20Symposium%20Booklet%202021_website.pdf	inspected	Historical project provenance	Student abstracts are not peer-reviewed validation; supplied list remains coverage authority. Original author and mentor attribution is available in the linked program.
DRIVE_PC	Phoenix College ASCEND Spring 2025.pptx	https://docs.google.com/presentation/d/1i9pQKXLYvnDnuSMkKYWXgdQbeOk7MmeW/edit	inspected	User-connected presentation context	Readable deck inspected through Google Drive; no raw measurements or media copied. Later 2025 context must not be attributed to 2021 projects; access permissions unchanged.
NASA_SE	NASA Systems Engineering Handbook	https://www.nasa.gov/reference/systems-engineering-handbook/	inspected	Requirements and verification reference	Process reference, not certification or NASA approval of this repository.
PDS	NASA Planetary Data System	https://pds.nasa.gov/	inspected	Planetary data discovery	Each selected product needs accession, processing level, geometry and calibration; no science files ingested.
MAST	Mikulski Archive for Space Telescopes	https://archive.stsci.edu/	inspected	Astronomical archive discovery	Portal reviewed; project-specific exposures and access rights not yet selected.
EXOPLANET	NASA Exoplanet Archive	https://exoplanetarchive.ipac.caltech.edu/	inspected	Planet and stellar data discovery	Catalog entries do not supply all survey denominators or completeness. No live counts copied.
CDAWEB	NASA CDAWeb	https://cdaweb.gsfc.nasa.gov/	inspected	Space-plasma archive discovery	Dataset/variable versions, cadence and quality flags must be selected per investigation.
SPDF	NASA Space Physics Data Facility	https://spdf.gsfc.nasa.gov/	inspected	Space-physics context and services	Archive landing page is not a calibration document for individual instruments.
HORIZONS	JPL Horizons System	https://ssd.jpl.nasa.gov/horizons/	inspected	Ephemeris reference	Frame, center, epoch and time-scale must match; no ephemeris downloaded in this release.
NAIF	JPL Navigation and Ancillary Information Facility	https://naif.jpl.nasa.gov/naif/	inspected	Geometry and SPICE resources	Kernels and licenses/version identifiers require explicit selection before use.
GWOSC	Gravitational Wave Open Science Center	https://gwosc.org/	inspected	Open strain data discovery	Noise data alone do not establish a supernova detection; no detector strain downloaded.
HEASARC	NASA HEASARC	https://heasarc.gsfc.nasa.gov/	inspected	High-energy archive discovery	Instrument calibration and event identity require source-specific review.
SKYSURF	SKYSURF survey overview and methods, Windhorst et al., 2022	https://arxiv.org/abs/2205.06214	inspected	Primary research context	Survey-method reference; no precision values copied into this release as achieved repository performance.
NRAO	National Radio Astronomy Observatory	https://public.nrao.edu/	inspected	Radio astronomy resource directory	Landing page is discovery context; cite a specific catalog/paper before numerical science claims.
ALMA	ALMA Science Portal	https://almascience.eso.org/	inspected	Radio cube and calibration discovery	Archive selection, CASA/reduction versions and proprietary-period rules remain project-specific.
EPA	EPA AirData	https://www.epa.gov/outdoor-air-quality-data	inspected	Air-quality archive discovery	For soil/remediation projects this is only a starting agency link; a dedicated primary study must be selected.
NOAA	NOAA National Centers for Environmental Information	https://www.ncei.noaa.gov/	inspected	Climate/ocean/atmospheric data discovery	Product-level quality and current service availability require checks before ingestion.
WATER	USGS Water Data for the Nation	https://waterdata.usgs.gov/	inspected	Water observations and APIs	Site, parameter codes, units and quality qualifiers required; no station data ingested.
YVO	USGS Yellowstone Volcano Observatory	https://www.usgs.gov/volcanoes/yellowstone	inspected	Volcano monitoring discovery	No eruption forecast or current status represented in local models.
PHENOLOGY	USA National Phenology Network	https://www.usanpn.org/	inspected	Phenology observation discovery	Observation effort and onset censoring must accompany records.
DOE_LM	DOE Office of Legacy Management	https://www.energy.gov/lm/office-legacy-management	inspected	Stewardship record discovery	Nevada-specific reports not fetched; scope and individual obligations remain pending.
USGS_SPECTRA	USGS Spectroscopy Lab	https://www.usgs.gov/labs/spectroscopy-lab	inspected	Spectral library discovery	Endmember sample, measurement geometry and library version require review.
USGS_GEO	USGS geologic and astrogeologic resources	https://www.usgs.gov/	reference-only	Geoscience discovery	General agency portal, not a retrieved site-specific map or evidence of a finding.
NTRS	NASA Technical Reports Server	https://ntrs.nasa.gov/	inspected	Technical literature discovery	Specific reports, equations and benchmark tables still require project-level selection; portal is not proof of any proposed result.
NIST	National Institute of Standards and Technology	https://www.nist.gov/	inspected	Calibration and physical-reference discovery	Specific property values and standards are not imported; verify applicable editions and conditions.
NUMPY	NumPy scientific-computing documentation	https://numpy.org/doc/stable/	inspected	Implementation resource	Reference only: core model code uses Python standard library, not NumPy.
UNIPROT	UniProt	https://www.uniprot.org/	metadata-only	Protein accession discovery	Landing page returned minimal text; no sequence accessions retrieved or predicted structures treated as experimental evidence.
PDB	RCSB Protein Data Bank	https://www.rcsb.org/	inspected	Experimental structure discovery	Specific P66 or other target structures not confirmed; structure availability must not be assumed.
GEO	NCBI Gene Expression Omnibus	https://www.ncbi.nlm.nih.gov/geo/	blocked	Omics accession discovery	Browser verification wall prevented content review; no accession data read.
PUBMED	PubMed	https://pubmed.ncbi.nlm.nih.gov/	inspected	Biomedical literature discovery	Search portal only; no clinical recommendations or specific therapeutic study validation.
OSDR	NASA Biological and Physical Sciences data directory	https://science.nasa.gov/biological-physical/data/	inspected	Space-biology repository discovery	Directory reviewed; individual OSDR datasets not selected or downloaded.
NIST_CSF	NIST Cybersecurity Framework	https://www.nist.gov/cyberframework	inspected	Defensive governance reference	Framework context does not establish compliance or certify aviation/space systems.
AVIATION_ISAC	Aviation ISAC	https://www.a-isac.com/	inspected	Defensive information-sharing context	No member-only advisory accessed or republished; no third-party system tests.
CISA	CISA Known Exploited Vulnerabilities catalog	https://www.cisa.gov/known-exploited-vulnerabilities-catalog	blocked	Defensive advisory discovery	Fetch failed in this environment; catalog not ingested or represented as live.
NASA_CFD	NASA NPARC Verification and Validation resources	https://www.grc.nasa.gov/www/wind/valid/	inspected	Computational verification reference	Reference correlations shipped here are not a Navier-Stokes solver or NASA benchmark certification.
NASA_STEM	NASA Learning Resources	https://www.nasa.gov/learning-resources/	inspected	Education resource discovery	No NASA endorsement; third-party imagery rights still require asset-level review.
CUBESAT	CubeSat program resources	https://www.cubesat.org/	inspected	Interface/document discovery	Current design-specification revision and deployer interfaces must be independently selected; illustrative model is not compliant CAD.
CNEOS	JPL Center for Near-Earth Object Studies	https://cneos.jpl.nasa.gov/	inspected	Current planetary-defense context	Project title is historical; no current impact risk claimed from toy models. Consult official Sentry and object records.
SPHEREX	NASA SPHEREx mission	https://science.nasa.gov/mission/spherex/	inspected	Current mission context	Historical future-tense title retained; no fabricated survey products or commanding plan.
IRSA	NASA/IPAC Infrared Science Archive	https://irsa.ipac.caltech.edu/frontpage/	inspected	Infrared archive discovery	Release/product access must be verified before claiming actual SPHEREx data use.
SIMBAD	SIMBAD Astronomical Database	https://simbad.cds.unistra.fr/simbad/	inspected	Object identity and bibliography	Heterogeneous bibliographic database; not a survey denominator. Cite original measurements.
NED	NASA/IPAC Extragalactic Database	https://ned.ipac.caltech.edu/	inspected	Galaxy identity and literature	Use current documented APIs; legacy APIs omit post-January-2026 ingestions according to inspected portal.
EHT	Event Horizon Telescope	https://eventhorizontelescope.org/	inspected	Black-hole image/research discovery	No EHT image or interferometric data downloaded; synthetic rings are explicitly educational.
CALSPEC	STScI CALSPEC	https://www.stsci.edu/hst/instrumentation/reference-data-for-calibration-and-tools/astronomical-catalogs/calspec	inspected	Flux standard discovery	Specific standard spectrum, file version and photometric system require selection.
LANDSAT	USGS Landsat Missions	https://www.usgs.gov/landsat-missions	blocked	Remote-sensing discovery	Fetch timed out; no imagery ingested; product-specific QA and scale factors still required.
GBIF	Global Biodiversity Information Facility	https://www.gbif.org/	blocked	Biodiversity record discovery	Fetch failed; no occurrences ingested. Licenses, spatial sensitivity and effort must be audited.
SOCAT	Surface Ocean CO2 Atlas	https://www.socat.info/	blocked	Ocean-carbon discovery	Fetch unavailable; no release data selected or cited as measured repository results.
GAIA	ESA Gaia resources	https://www.cosmos.esa.int/web/gaia	blocked	Astrometric discovery	Fetch unavailable; no Gaia catalog imported.
GEMINI	Gemini Planet Imager resources	https://www.gemini.edu/instrumentation/gpi	blocked	High-contrast instrument discovery	Fetch unavailable; current archive and instrument documentation need review.
WEBB_DOCS	STScI JWST documentation	https://jwst-docs.stsci.edu/	blocked	NIRCam instrument reference	Fetch unavailable; simulator fidelity needs specific instrument and release documentation.
NREL	Renewable-energy laboratory resources	https://www.nrel.gov/	blocked	Energy model resource discovery	Fetch unavailable; institutional URL/current services need verification before data integration.
